"zip","caseid","birthyr","gender4","educ","pid7","race","CC22_440a","CC22_440b","CC22_441a","CC22_441b"
90001,2014836475,1985,1,5,1,1,2,2,3,3
90002,2040051361,1996,2,4,3,3,3,3,3,2
90003,2012053467,1985,1,6,7,1,2,2,1,2
90004,2015437791,1987,3,5,3,1,1,5,4,1
90005,2023436247,1995,1,5,1,3,1,4,4,2
90006,2017088201,1990,1,6,7,1,3,2,1,3
90007,2031384951,1999,2,5,1,6,1,4,5,1
90008,2008881183,1990,2,4,7,2,3,5,1,1
90011,2009864395,1964,1,2,7,1,1,4,5,1
90012,2010064127,1976,2,5,1,4,1,5,5,1
90014,2019196021,1985,1,6,1,5,3,2,3,3
90015,2037648573,1987,2,5,1,1,2,1,2,3
90017,2014365673,1991,1,6,6,1,2,4,2,2
90018,2039969361,1994,1,5,6,2,1,4,5,2
90019,2030482783,1996,1,2,1,2,1,5,5,1
90020,2021328167,1992,2,2,4,3,2,4,4,3
90021,2040318265,1994,2,2,2,2,3,3,3,3
90022,2017253511,1999,1,5,6,3,4,4,2,4
90024,2039912353,2001,2,3,1,4,1,5,5,1
90025,2038822849,2000,2,5,1,6,1,4,4,1
90026,2015179803,1996,2,6,1,1,1,2,1,1
90027,2032955131,1960,1,4,1,1,1,5,4,1
90028,2002528663,1995,1,5,7,1,2,1,1,1
90029,2043613399,1994,1,3,4,2,2,4,2,4
90031,2042361189,1972,1,6,1,4,1,5,5,1
90032,2017281801,1985,2,5,1,1,3,4,1,3
90034,2012999035,1994,2,6,3,6,2,4,4,1
90035,2045465993,1997,1,5,1,1,1,5,4,1
90036,2033833829,1999,2,5,5,1,3,3,1,2
90037,2028888711,1990,2,3,1,2,1,1,2,2
90038,2039729509,1997,1,5,1,1,1,4,4,1
90039,2038825275,1969,2,5,1,6,2,4,5,2
90041,2034579653,1997,1,5,1,1,1,4,5,1
90042,2015691023,1963,2,4,2,3,2,4,4,2
90044,2017678205,1971,1,2,2,2,2,4,3,2
90045,2036969469,1998,1,5,4,2,2,5,5,2
90046,1998184977,1946,1,5,2,1,3,4,2,3
90047,2032728555,1967,2,4,1,2,1,5,5,1
90048,2012999221,1995,1,6,3,3,1,5,5,2
90049,2012177495,1993,2,5,4,1,4,5,2,4
90057,2010114947,1961,2,5,1,1,1,5,5,2
90059,2034390363,1986,2,3,1,2,2,2,2,2
90062,2030648429,1970,1,3,2,2,1,5,4,2
90063,2009676263,1967,1,5,3,1,2,4,4,2
90064,2039062407,1967,1,6,7,1,5,1,1,5
90065,2037432635,1985,1,5,1,1,2,2,2,2
90066,2045072029,1969,2,5,2,1,2,4,4,2
90067,2005488423,1990,2,6,1,3,1,5,3,1
90069,2038229791,1984,2,5,1,3,1,5,5,1
90201,2012028639,2003,2,3,2,3,3,4,3,3
90210,2011719419,1973,1,2,4,1,3,5,3,3
90211,2043477109,1983,2,2,2,3,1,5,1,5
90212,2017002469,1970,1,6,5,1,3,3,2,2
90220,2034944069,1968,1,6,1,1,1,3,1,2
90221,2036178155,1998,1,5,1,3,1,5,5,1
90222,1998706187,1990,1,3,2,1,2,4,3,2
90230,2010062857,1993,2,5,6,8,4,2,1,3
90240,2033082059,1994,2,3,5,1,4,1,3,2
90242,2029088901,1993,2,3,6,3,2,3,1,4
90245,2031194525,1955,1,6,1,1,1,5,5,1
90247,2036932597,1983,1,3,3,4,1,2,4,2
90248,2026743607,1983,1,5,7,2,5,4,5,1
90249,2036921741,1984,2,6,1,1,1,5,5,1
90250,2011597857,1976,1,3,5,3,3,2,1,4
90254,2033940887,1966,2,5,1,1,2,4,3,3
90255,2014801901,1969,1,5,4,3,1,5,1,5
90260,2038635669,1983,2,3,2,4,2,5,4,1
90266,2042328507,1955,1,5,6,1,4,2,1,5
90270,2031198455,1993,1,3,7,3,3,4,3,2
90274,1999646775,1974,1,6,3,1,2,4,3,2
90275,2034580923,1994,1,4,4,6,3,3,2,4
90277,2009279635,1991,2,3,6,1,5,2,4,4
90278,1999604575,1955,1,3,7,1,5,2,2,4
90280,2031392869,1990,2,2,4,3,3,4,3,3
90291,2012494287,1964,1,5,3,1,1,5,4,1
90292,2039475151,1975,2,5,2,1,2,4,4,2
90293,2010386127,1977,2,5,1,1,2,4,4,2
90301,2034712043,1962,2,3,1,2,1,5,5,1
90302,2014238407,1971,2,4,4,1,2,4,3,3
90305,2034660897,1993,2,3,1,2,1,5,5,3
90403,2010177771,1956,1,1,3,1,2,5,4,3
90404,2039593749,1996,1,5,2,2,2,4,2,1
90405,2014914241,1957,2,5,1,7,2,5,5,1
90501,2038734961,2002,2,3,4,1,4,2,1,5
90502,2014744287,1943,2,2,7,1,3,5,2,5
90505,2013256815,1960,2,3,3,7,2,4,4,4
90602,2015653547,1980,2,6,1,1,1,5,5,1
90604,2029600339,2001,1,3,8,1,2,4,2,5
90605,2014270875,1966,2,2,1,3,1,3,1,3
90606,2013552613,1976,2,2,8,3,2,3,3,3
90620,2003131393,1971,1,5,7,1,5,5,1,5
90621,2030977175,1971,2,2,2,2,3,3,3,3
90623,2010063995,1985,1,5,8,1,3,2,3,1
90630,2000528493,1961,1,6,4,1,5,3,2,2
90631,2029521039,2000,1,3,1,3,1,2,3,2
90638,2034606379,1991,2,2,1,3,3,3,3,3
90640,2037444957,1967,1,6,1,1,1,5,5,1
90650,2039748447,1997,2,3,1,3,1,5,5,1
90660,2028889063,1986,1,2,2,3,4,4,2,3
90701,1993352575,1995,1,3,2,1,3,1,2,2
90703,2016004457,1973,2,4,1,3,1,5,5,3
90706,2012789433,1964,2,2,8,3,2,1,2,1
90710,2029574269,1970,1,3,1,2,2,5,5,2
90712,2014402269,1961,1,4,6,1,4,4,2,4
90715,2034712835,1993,2,3,2,1,1,5,5,2
90731,2010231463,1971,2,5,1,1,1,5,4,1
90732,2037193995,1950,1,3,6,1,5,1,1,5
90740,2013186865,1946,2,3,4,1,4,5,1,4
90744,2039168481,1960,1,3,4,2,3,5,3,3
90745,2041538525,1994,2,3,2,4,2,5,2,2
90746,1999217717,1989,1,3,4,6,1,5,5,1
90755,2019679145,1974,2,6,1,2,1,5,5,1
90802,2031005991,1971,2,3,2,2,1,5,5,1
90803,2002591207,1992,2,6,2,1,2,5,5,1
90804,2035447137,1966,2,3,1,3,1,5,4,1
90805,2038834959,1988,2,3,2,3,5,1,3,1
90806,1998975363,1962,1,6,1,1,2,4,4,2
90807,2012200695,1987,2,3,4,4,1,5,5,1
90808,2037803231,1960,2,6,4,1,3,3,2,2
90810,2040748887,1985,1,3,6,3,3,2,1,5
90813,2041447027,1972,2,5,4,4,1,5,3,2
90814,2014009275,1979,2,3,5,6,5,2,4,5
90815,2031999107,1989,1,5,2,1,2,2,4,1
91001,2028840649,1965,2,2,1,3,1,4,3,4
91006,2039277599,1951,2,5,5,1,5,2,1,5
91007,2015849531,1994,1,5,6,1,2,2,2,2
91010,2012636211,1994,2,3,2,3,2,4,5,1
91011,2025271367,1992,1,6,2,7,2,5,5,1
91016,2015094833,1948,2,3,7,1,5,2,2,4
91020,2038333603,1998,1,5,5,8,2,2,2,3
91024,2020980341,1950,2,2,1,1,1,5,5,1
91042,2036036177,1977,1,4,1,3,2,5,2,3
91101,1999444471,1974,2,2,4,6,2,5,5,2
91104,2040157709,1993,2,5,7,7,3,4,2,2
91105,2031165703,1944,1,5,7,1,4,2,1,5
91106,2037155987,1959,1,3,3,1,2,4,5,2
91201,2015033721,1966,1,5,2,1,2,4,4,2
91202,1995263801,1969,2,3,5,2,5,1,1,5
91205,2045260049,1974,1,6,4,1,1,5,5,2
91208,1997084829,1994,1,6,2,1,2,1,1,2
91301,2039887213,1999,2,5,1,1,2,4,3,2
91302,1984647363,1991,1,3,3,1,1,4,4,1
91303,2012000993,1965,2,3,3,1,1,5,4,2
91304,2021303839,1940,2,2,1,1,1,5,4,1
91306,2022096781,1953,1,3,1,1,2,4,2,2
91307,2039645407,2002,2,3,6,1,3,2,2,3
91311,2029564717,1983,1,2,1,1,1,2,3,3
91316,2026072233,1979,1,5,7,3,1,2,3,2
91320,2042726801,2000,1,2,2,1,2,4,2,3
91321,2009941049,1965,2,2,4,2,1,5,4,1
91324,2013059155,1958,1,3,1,1,1,5,5,1
91335,2029574093,1951,2,3,2,2,1,5,2,2
91340,1999135785,1983,2,4,1,3,1,2,3,2
91342,2017732221,1967,2,2,1,3,1,5,5,1
91343,2027508461,1989,2,3,1,3,1,5,5,1
91344,2011121893,1968,2,3,7,1,4,2,1,1
91350,2014090501,1973,2,5,6,1,4,4,3,2
91351,2036307357,1996,2,4,1,3,2,4,2,3
91352,2013256271,1995,1,5,1,1,1,5,5,1
91354,2014433095,1952,1,3,6,1,3,4,2,2
91355,2042329221,1935,1,6,1,5,1,5,3,1
91356,2012919031,1966,2,3,1,1,3,3,3,3
91360,2018927899,1988,1,2,5,1,3,3,3,3
91362,1996229235,1946,1,5,4,1,2,3,3,2
91364,1992896345,1960,2,6,4,1,4,2,2,4
91381,2011106731,1981,2,5,5,1,2,2,3,3
91387,2031442029,1968,2,2,4,1,5,1,1,5
91390,2039951305,2001,1,5,7,1,5,4,1,4
91401,2031560381,1979,1,5,1,1,1,5,5,1
91403,2015076485,1983,2,3,4,3,1,5,5,1
91405,1998234231,1997,1,2,3,6,3,4,2,2
91406,2013109525,1981,2,5,1,1,1,5,4,1
91423,2010605497,1997,1,5,1,6,1,5,5,1
91436,2041238425,1987,2,5,1,1,2,1,2,3
91501,2031587263,1961,2,2,2,1,5,3,3,3
91502,2015813565,1984,2,4,4,1,1,5,5,1
91504,1998324529,1997,2,5,2,6,4,4,3,2
91505,2000082445,1969,1,5,4,1,5,1,1,4
91506,2039927401,1997,2,4,2,1,1,4,2,1
91601,2038674295,1959,1,5,2,1,4,4,1,5
91602,2010214191,1973,2,5,2,4,4,2,2,1
91604,2009904749,1981,1,5,4,1,2,4,3,2
91605,2014028961,1987,1,5,2,1,1,5,4,1
91607,2010107015,1954,2,3,1,1,2,4,4,1
91701,2015756549,1952,1,3,2,3,3,3,2,4
91702,2029251741,1975,1,2,3,3,3,4,3,3
91706,2032723685,1989,1,2,4,3,2,4,3,4
91708,2031433501,1976,1,3,2,1,2,4,2,3
91709,2041284445,1994,2,3,5,1,5,2,1,1
91710,2010393201,1958,1,5,7,1,5,2,1,4
91711,1995512773,1963,1,5,4,4,1,5,5,1
91722,2021335419,1959,1,2,5,1,5,5,1,1
91724,2015242217,1959,2,2,1,4,2,2,2,2
91730,2013773153,1973,2,6,1,4,1,4,5,2
91731,2016781161,1987,2,4,2,3,1,5,2,4
91732,2022885183,1964,2,2,2,4,3,2,2,4
91733,2038936343,1981,2,3,4,4,5,3,2,5
91737,2016016253,1952,1,4,2,3,1,5,3,2
91739,2042814507,1992,2,3,7,1,5,2,2,4
91740,2026848313,1970,2,4,7,3,2,3,1,5
91744,2018802763,1965,2,2,4,1,1,1,4,4
91745,2011175201,1952,2,2,6,1,3,3,3,4
91746,2014684439,1965,2,5,1,3,2,4,2,4
91748,2002276319,1993,2,4,4,4,2,2,4,3
91750,2001178523,1991,2,5,3,1,2,4,4,2
91752,2017674521,1983,1,2,3,3,1,5,1,5
91754,2012656981,1990,1,6,4,4,3,3,3,3
91755,2046005643,1994,1,3,2,3,1,5,2,5
91761,2042327673,1957,1,6,4,1,5,1,1,5
91762,1998982745,1976,2,3,1,3,1,5,5,1
91763,2025403187,1967,2,3,1,3,3,NA,3,3
91764,2031607089,1986,1,5,6,1,4,2,2,5
91765,1999481891,1968,2,5,3,3,NA,4,4,2
91766,2012937327,1976,1,2,1,1,1,3,3,3
91767,1999678249,1961,1,3,1,1,1,5,5,1
91768,2038397199,2001,1,3,1,3,2,5,5,2
91770,2039760579,1999,2,5,1,4,1,5,2,2
91773,2039561961,2001,2,3,5,1,4,3,4,4
91775,2024758947,1957,2,2,2,4,2,4,2,2
91776,2012463157,1958,1,6,3,4,2,5,3,2
91780,2039665489,1995,2,6,1,1,2,4,2,2
91786,2041057225,1985,2,6,2,3,1,5,5,1
91789,2010166313,1986,1,5,3,3,2,NA,2,1
91790,2041454145,1996,2,6,2,4,1,5,5,1
91791,2017628505,1965,2,3,6,3,3,4,2,2
91792,2041701401,1998,1,3,2,3,1,4,4,1
91803,2039996971,2000,1,3,1,4,2,5,4,1
91901,1998036357,1988,1,4,2,1,2,5,4,2
91910,2013391653,1981,1,5,4,1,1,5,5,1
91911,2038666927,2000,1,3,1,4,1,2,2,2
91913,1998403461,1971,1,2,4,6,3,3,3,5
91914,2037093185,1951,1,4,2,1,2,4,4,2
91915,2038924857,1988,2,4,3,3,3,3,2,4
91932,2014675439,1965,1,2,7,1,3,4,3,4
91934,2006128219,1968,1,4,5,7,5,1,1,5
91942,2012794297,1984,2,6,5,1,4,2,2,4
91945,2014465003,1952,1,6,5,1,5,3,3,3
91950,2015022613,1972,1,2,5,4,2,2,1,4
91977,2038246791,1957,1,4,1,1,1,5,5,1
91978,2045403093,1997,1,2,4,3,3,3,1,2
92008,2000538149,1980,1,5,5,1,5,2,2,4
92009,1998910201,1945,2,4,1,1,1,5,5,2
92011,2023114665,1986,2,6,2,3,1,4,5,1
92019,2011441389,1968,2,6,4,5,1,5,5,1
92020,2011168419,1961,1,3,1,1,2,4,5,2
92021,2015156375,1961,2,5,4,7,1,5,5,1
92025,2008610363,1982,1,6,3,1,1,5,5,1
92026,1995872843,1993,3,5,8,4,3,3,2,2
92027,1983440345,2003,2,3,8,3,3,4,3,3
92028,2008926973,1956,2,5,1,1,1,5,5,1
92029,2013370919,1963,2,5,7,1,4,3,2,4
92037,2013670517,1970,1,5,2,4,1,5,5,1
92040,2041081617,1987,1,3,3,1,3,4,4,2
92054,2021288529,1965,2,1,7,1,2,3,3,3
92056,2031132987,1942,2,3,1,1,2,4,4,2
92057,2012353279,1990,2,6,2,5,1,1,1,1
92058,2031592017,1992,2,5,3,1,2,4,3,4
92061,1997234559,1940,1,5,7,1,4,2,2,4
92064,2014465013,1946,2,3,1,1,1,5,5,1
92065,2028972889,1959,1,2,4,1,5,5,2,2
92067,2019718811,1970,2,2,7,1,5,5,3,3
92069,2016367095,1994,1,5,2,2,2,4,3,3
92071,2036915281,1964,1,2,1,3,2,4,3,4
92075,2013159301,1967,1,5,6,4,2,3,5,2
92078,2018802241,1948,1,2,6,1,4,1,1,5
92081,2030590899,1961,2,4,8,1,3,4,3,5
92084,2018757727,1938,2,2,7,1,3,4,2,3
92101,2013141419,1971,1,3,3,1,2,2,2,2
92102,2012976313,1967,2,3,3,1,4,3,1,4
92103,2014093391,1990,2,6,2,1,1,5,5,1
92104,2037360987,1965,2,5,3,1,1,5,4,1
92105,2026740341,1999,1,3,3,4,2,4,4,1
92106,2018781585,1988,2,2,8,1,1,1,3,3
92108,2034472541,1999,2,5,2,1,1,5,5,1
92109,2034493573,1969,1,4,2,1,3,NA,2,5
92110,2031586967,1972,1,2,2,1,5,4,2,4
92111,2014962139,1978,2,4,7,1,5,2,1,5
92113,2022648831,1992,1,3,4,3,3,3,3,3
92114,2033664285,1994,1,2,7,6,4,4,4,4
92115,2041207015,1991,2,3,3,3,1,5,5,1
92116,2041057421,2003,2,1,2,3,2,4,5,2
92117,1998602331,1962,1,2,6,1,2,4,2,5
92119,2025286889,1942,2,2,6,1,2,2,1,4
92122,2014531451,1948,2,6,6,1,2,4,2,4
92123,2025196125,1954,1,2,4,2,1,4,5,1
92124,1999630203,1965,2,2,2,1,4,2,1,5
92126,2013159297,1977,1,5,4,4,2,2,4,2
92127,2043493137,1964,1,4,6,6,2,2,3,2
92128,2014635275,1953,1,6,7,1,2,4,2,2
92130,2012628617,1958,2,3,1,1,1,5,5,1
92131,2013573451,1998,1,5,2,1,1,5,5,1
92139,2029168187,1964,1,4,3,1,2,NA,2,3
92154,2012880261,1985,1,3,2,3,2,3,3,2
92201,2038083559,1946,2,4,1,1,1,5,3,1
92203,2000768023,1999,1,5,4,1,2,4,2,3
92210,2015256511,1987,2,6,4,1,4,2,3,2
92211,2037946087,1948,1,4,2,1,5,5,1,5
92220,2040341195,1976,2,2,1,3,1,5,4,2
92223,2014606089,1962,1,3,6,1,4,4,3,4
92231,2043485257,1961,1,1,4,6,2,3,3,3
92234,2029290227,2000,2,3,1,3,2,5,5,1
92240,2011076739,1968,1,3,1,1,1,5,5,1
92241,2029393527,1979,1,3,2,1,2,5,5,1
92243,2012876157,1965,2,5,1,1,1,5,5,1
92251,2036231723,1991,1,3,6,3,5,3,1,5
92252,1998527443,1961,1,5,2,1,2,4,4,2
92253,1999629155,1962,1,3,5,1,5,4,1,5
92260,2031057675,1967,2,2,2,1,2,4,2,4
92262,2044890611,1957,1,4,2,1,4,2,2,4
92264,2032782605,1987,1,3,6,1,4,4,2,4
92270,1983345585,1952,1,5,1,1,1,4,1,2
92274,2030716693,1988,2,3,8,3,3,3,3,3
92275,2028578301,1984,1,1,1,3,2,4,2,2
92277,2020486603,1967,2,4,7,1,2,4,1,5
92284,2020122861,1987,2,2,5,1,5,5,2,2
92301,1998387653,1968,2,3,5,1,4,4,5,5
92307,2011130881,1972,2,3,6,1,2,NA,2,2
92308,2026772857,1980,2,2,1,1,1,4,2,3
92311,1993407759,1973,2,4,4,1,3,3,3,3
92324,2043714899,2003,2,3,2,3,2,5,5,2
92336,2045757307,1990,1,1,4,3,3,4,2,3
92337,2040055899,1999,1,3,1,3,1,5,5,1
92342,1998261757,1985,1,4,4,1,1,5,4,1
92344,2032881431,1989,2,2,4,6,4,3,3,3
92345,2014270519,1979,2,5,8,3,3,3,3,3
92346,2042355383,1977,2,2,8,1,1,5,5,2
92354,2038576447,2001,2,3,2,6,4,3,3,3
92359,2008676435,1988,1,4,1,1,2,4,1,1
92363,2011213263,1961,1,3,5,1,3,2,1,2
92372,2040054891,1986,1,4,3,6,2,4,3,2
92373,2013160651,1995,2,5,1,1,1,5,4,1
92374,2014637771,1986,1,6,5,1,2,3,4,4
92376,2010106639,1973,2,2,7,6,3,3,1,5
92377,2029163377,1989,1,4,2,2,4,2,2,2
92392,2031424763,1988,2,3,2,3,1,4,4,2
92394,2018764555,1966,2,1,1,3,1,4,3,2
92395,2029089707,1981,2,2,7,1,5,2,1,5
92399,2035569195,1963,2,2,7,3,3,NA,2,5
92401,2042243109,2000,2,2,8,1,2,5,2,5
92404,2023344693,1999,2,2,1,2,1,5,3,2
92405,2034553669,1971,2,3,1,2,1,5,4,2
92407,2014348717,1941,2,2,7,3,3,3,1,5
92410,2029608833,1976,2,2,4,3,1,1,3,3
92411,2043492103,1996,2,2,2,3,1,5,4,1
92501,2034646277,1996,2,3,7,1,2,4,1,4
92503,2029537821,1995,2,3,2,3,1,NA,4,2
92504,2040011365,2000,2,1,4,3,4,3,3,3
92505,2013731273,1970,1,5,6,4,3,4,1,1
92506,2046109215,1987,2,6,2,1,4,2,2,4
92509,2031592919,1987,2,4,2,3,3,3,3,3
92530,2040050887,1998,2,3,7,3,5,2,1,5
92543,2012313639,1994,1,5,6,1,2,2,2,2
92544,2035537445,1981,1,3,4,1,2,4,3,2
92545,2033084485,1970,2,2,6,1,5,5,1,5
92551,1993385073,2003,2,2,4,6,1,4,3,3
92553,2038640447,1999,2,3,3,3,2,4,4,2
92555,2013573181,1949,1,5,5,1,5,2,1,4
92557,2041191219,1997,2,3,2,6,1,3,5,1
92562,2038320951,1955,1,3,1,1,2,5,4,2
92563,2008533535,1982,1,4,6,1,5,2,2,5
92570,2031029625,1988,1,5,1,1,1,2,2,1
92571,2022937509,1974,2,4,2,3,2,4,1,3
92582,2035166375,1980,2,5,1,2,1,1,1,2
92583,2042760065,2004,2,1,7,1,5,2,1,5
92584,2025230593,1994,2,2,4,1,2,2,3,4
92585,2040191797,1995,2,3,2,3,1,5,1,1
92586,2014890653,1947,2,2,7,1,5,3,2,2
92587,1999763917,1954,1,3,6,1,5,1,2,5
92591,2010571275,1960,2,5,1,1,1,5,4,1
92592,2030939841,1991,2,2,5,6,3,4,3,3
92595,1998655987,1972,1,1,6,6,5,3,1,5
92596,2037935245,1948,1,3,1,1,2,4,3,2
92602,2015125459,1982,2,5,2,1,2,5,3,2
92603,1995288495,1955,1,5,5,1,2,4,1,5
92606,2033342051,1969,1,5,3,1,3,3,3,3
92610,2012621849,1967,2,3,7,1,5,2,1,4
92612,1999755381,1980,1,5,1,1,1,4,3,4
92614,2037444095,1992,2,2,4,3,2,2,4,2
92617,2040078479,2003,1,3,2,3,5,5,5,2
92618,2014457685,1954,2,2,4,4,3,2,3,2
92620,2043474299,2000,2,5,1,8,1,5,5,1
92626,2013615773,1955,1,6,2,4,2,4,2,2
92627,2013868889,1959,1,2,1,1,2,5,5,5
92629,1998631117,1963,1,3,5,6,5,1,1,5
92630,2036926465,1947,1,6,6,4,2,4,2,4
92646,2031337561,1979,1,2,8,1,3,2,2,2
92647,2039899039,1964,2,3,7,1,5,2,2,4
92648,2011080899,1980,2,2,6,1,3,3,3,3
92649,2014468171,1958,1,6,5,1,5,1,1,5
92653,2014729165,1977,1,3,3,1,3,3,3,3
92656,2015377067,1989,2,6,6,6,2,4,4,2
92660,2011483505,1987,1,6,1,2,1,5,2,5
92663,2008533709,1988,2,3,1,1,1,5,5,1
92672,2004360027,1981,2,3,1,1,1,5,5,1
92673,1997283207,1952,1,3,4,1,3,4,2,4
92677,2011302973,1964,1,5,6,1,5,2,1,5
92679,2026740365,1995,1,4,1,1,1,1,2,3
92683,2040271075,1985,2,4,3,4,2,3,2,2
92688,2042328161,1934,1,3,1,1,1,5,5,1
92691,2025202225,1962,1,3,7,1,2,2,4,2
92692,1983207717,1948,2,2,1,1,3,3,2,4
92694,1997030021,1934,2,5,1,1,3,NA,5,2
92701,2033668133,1987,1,2,2,3,2,3,3,3
92703,2045799133,2003,2,3,2,4,2,3,5,3
92704,2032825487,2001,1,2,3,4,2,3,3,2
92705,2034679213,1978,2,3,3,3,2,4,5,2
92706,2034043783,1956,2,5,7,1,5,2,1,4
92707,2026889099,2003,1,3,8,1,1,5,3,3
92708,2035998049,1994,1,5,3,4,1,4,3,2
92780,2039636553,1986,2,5,2,6,1,5,5,1
92782,2041944943,1979,2,4,7,1,3,1,1,5
92801,2012349203,1980,2,6,2,4,2,5,5,1
92802,2036250449,1966,1,2,2,3,2,4,2,2
92805,2012215457,1945,1,2,2,1,1,5,1,4
92806,2040402465,1993,1,3,4,3,2,5,5,1
92807,2017410353,1985,1,6,7,4,5,1,1,4
92808,2034851859,1961,2,5,4,1,4,2,3,2
92821,2034335217,1996,1,5,4,3,2,4,4,2
92823,2036926627,1954,1,5,6,4,3,4,2,3
92831,1995191495,1954,1,5,4,1,3,4,3,3
92832,2039678463,1986,2,5,1,1,1,5,5,1
92833,1998297505,1965,1,5,5,1,5,1,2,4
92835,2010310985,1995,1,5,2,2,2,1,3,3
92840,2035020267,1991,2,6,1,1,4,4,3,2
92843,2012945831,2001,1,3,1,3,2,4,3,2
92845,2039942933,1995,2,6,8,1,NA,2,1,5
92865,2011977963,1976,1,6,6,1,5,1,1,5
92866,2007772181,1986,1,5,3,1,1,5,5,1
92867,2039996637,1998,2,5,2,3,5,5,4,2
92868,2014568311,1989,1,3,3,1,1,4,5,1
92869,2034736675,1979,1,1,4,1,3,4,3,2
92870,2043269377,1970,2,2,6,1,NA,NA,1,3
92879,2018558297,1955,1,3,6,3,2,4,2,2
92880,2036219465,1954,2,6,1,1,1,5,2,2
92881,2033100919,1994,2,5,7,1,4,3,3,5
92882,2015615451,1987,1,2,7,6,4,1,1,3
92883,2036150733,1981,2,2,1,3,1,1,1,3
92886,2010710933,1989,2,5,3,1,2,4,4,2
93001,1981850715,1965,2,4,4,6,4,3,1,5
93003,2010106855,1961,2,5,1,1,3,5,2,1
93010,2037316901,1951,1,3,2,1,2,3,2,4
93012,2042329887,1936,1,5,1,1,1,5,5,1
93013,2031350477,1966,1,3,6,1,3,4,2,5
93021,2038238699,1999,1,4,7,1,5,2,1,2
93030,2032991737,1973,1,2,4,3,2,4,2,2
93033,2038805013,1999,2,4,2,3,1,5,4,1
93036,2013852765,1991,2,5,7,1,3,4,1,4
93041,2026740117,1996,1,5,4,3,4,4,5,2
93060,2039889985,1988,2,5,7,1,3,4,3,2
93063,2012480869,1949,2,2,1,1,1,5,4,1
93065,2039912141,2001,2,3,2,4,5,5,5,1
93101,1999281723,1990,2,4,2,3,1,4,4,2
93105,2011788407,1995,1,6,1,1,1,2,2,2
93110,2026327073,1989,1,3,8,1,3,4,3,5
93117,2042349263,1989,1,3,4,3,1,5,3,3
93212,2019553663,1992,1,3,1,1,3,4,4,4
93221,2012193085,1991,1,3,2,1,2,3,3,2
93230,2028972885,1985,1,2,4,1,3,3,3,3
93240,2013765965,1953,2,5,1,1,1,5,4,2
93241,2044024237,1946,2,2,7,1,5,4,2,2
93245,1999344187,1961,2,5,3,7,NA,3,4,2
93249,2016418007,1982,1,5,5,3,5,4,2,3
93250,2029381543,1988,1,2,7,3,3,4,2,4
93256,2031423513,1994,1,2,3,3,2,2,3,2
93257,1997691501,1962,1,3,7,5,5,1,1,5
93265,2043918843,1965,1,3,4,6,5,1,2,5
93268,2018669075,1982,2,2,4,1,2,4,3,4
93272,2015947091,1990,2,3,8,2,2,3,3,1
93274,2003182935,1955,2,1,2,1,3,2,2,3
93277,2012000253,1991,1,5,4,1,1,5,5,1
93280,2017190775,1965,1,3,4,3,1,5,1,1
93291,2037264063,1956,1,3,7,1,1,3,1,5
93292,2011540579,1986,2,5,4,1,2,4,2,2
93301,2011444953,1993,1,5,7,1,4,3,1,4
93304,2029570321,2003,2,2,4,1,3,3,3,3
93305,2033280759,1978,1,3,2,3,1,5,3,2
93306,2038737145,1995,2,3,1,3,3,3,3,3
93307,2042831069,1998,1,2,2,3,2,2,2,4
93308,2016252967,1963,2,4,2,1,2,4,3,3
93309,1992930281,1951,1,5,5,1,5,4,1,5
93311,2022214523,1972,2,6,1,1,1,5,5,1
93312,2012895021,1968,1,3,6,1,3,4,1,5
93313,2034552651,1958,2,2,2,1,5,5,5,2
93401,2015691345,1972,2,2,1,2,1,5,5,1
93405,2035568105,2000,2,4,8,4,1,3,3,3
93422,2043486945,1967,2,2,7,1,5,2,2,5
93426,2010999117,1985,2,5,2,3,4,5,5,1
93433,2015615037,1962,2,3,4,3,1,5,5,2
93436,2015211129,1964,1,2,7,1,5,4,1,5
93442,2032418393,1952,2,6,3,1,1,5,4,1
93444,2037618311,1962,1,5,2,1,3,1,2,2
93446,2023357661,1955,1,4,5,3,3,3,3,2
93454,2012271761,1966,2,3,1,3,2,4,1,4
93455,2038493287,1985,2,5,2,1,4,1,2,4
93458,2014629719,1994,2,4,8,1,3,3,2,2
93501,2030714365,1973,2,4,4,2,3,3,3,3
93505,1993354083,1992,1,5,1,1,1,5,5,1
93522,2008978967,1985,1,2,1,1,1,5,5,1
93531,2016890987,1954,2,3,4,1,5,4,1,5
93534,2020121653,1950,1,1,3,7,3,2,3,3
93535,2037337229,1961,1,2,4,3,2,4,1,2
93536,1998569115,1958,2,2,2,2,1,5,5,1
93543,2031057713,1979,2,3,1,3,2,5,3,2
93550,2040450035,1951,1,3,1,2,1,5,5,1
93551,2021639679,1977,1,2,3,3,3,5,5,5
93552,2039903729,2000,2,4,7,1,5,3,1,5
93555,2019642427,1974,1,2,6,4,2,4,3,2
93560,2000832049,1946,1,3,3,1,1,5,4,1
93561,2028522621,1962,1,3,7,1,4,4,1,5
93601,2021899043,1960,2,5,4,1,5,2,1,5
93606,2014732373,1992,2,5,1,3,3,5,5,5
93610,2015597737,1972,2,3,2,3,1,5,1,5
93611,2045010441,1990,1,5,1,1,5,2,1,5
93612,2013636509,1990,1,3,7,4,1,5,3,5
93618,2024885449,2000,2,4,4,3,1,4,1,1
93619,2013090651,1985,2,5,1,1,1,5,5,1
93622,1999809299,1959,1,6,4,1,2,4,4,2
93635,2018971977,1955,2,2,7,1,5,2,1,5
93636,1998060987,1962,2,3,1,1,1,5,2,1
93637,2038969545,1993,1,1,2,1,1,5,4,1
93638,2021553041,1983,1,2,3,3,2,2,2,4
93654,2015457809,1984,2,4,1,3,1,5,2,2
93657,2016519863,1984,2,5,3,1,3,4,2,4
93662,2026988713,1965,2,2,1,3,1,2,2,2
93665,2034574109,1991,2,3,4,3,3,5,3,3
93701,2038716993,1967,2,5,4,7,5,3,2,4
93702,2038129937,1988,1,3,6,3,3,3,1,5
93703,2026878025,1995,2,3,3,6,1,1,3,3
93704,2036927259,1953,1,5,4,4,4,2,2,4
93705,2017484747,1952,2,2,1,1,3,4,2,4
93706,2034472101,1982,1,4,1,3,2,4,5,1
93710,2038668867,1965,2,2,1,2,1,5,3,2
93711,1983838475,1978,2,5,7,1,5,3,1,5
93720,2012082745,1983,2,3,1,3,1,5,5,1
93722,1999767005,1959,1,5,7,2,2,4,2,4
93725,2038556061,1994,2,3,1,4,2,5,5,1
93726,2031398307,2001,2,1,7,2,1,1,1,5
93727,2015284363,1983,1,2,4,5,3,2,4,2
93728,2036286999,1998,1,2,4,4,3,3,3,3
93901,2038714095,1972,1,3,6,3,5,2,2,4
93905,2039398173,1978,1,5,6,3,1,5,1,2
93906,2045758073,2001,1,5,4,3,1,4,3,3
93921,2036747985,1992,2,3,3,3,2,5,4,2
93923,2016295731,1935,1,6,1,1,2,5,3,2
93924,2036884103,2003,1,2,4,1,5,2,1,5
93933,2007641219,1979,2,5,1,1,1,4,4,2
93940,2034736615,1956,2,4,7,1,3,4,2,2
93955,1993667585,1961,1,5,4,1,1,5,4,2
93960,2014667201,1986,2,3,7,1,5,3,1,5
94002,1996933185,1942,2,6,2,1,1,5,4,1
94015,2042189333,1948,1,4,4,4,2,4,2,1
94020,2030855845,2003,3,2,2,1,1,5,5,1
94028,2012796959,1981,1,6,1,1,2,4,3,2
94043,2021894235,1987,2,6,1,1,1,1,1,1
94061,1979975369,1953,1,3,4,1,2,4,3,2
94065,2026742629,1975,1,5,6,3,2,4,2,2
94066,2038902131,1954,1,3,2,4,2,4,3,2
94080,1992918001,1974,1,5,1,7,2,4,2,2
94086,2014457375,1986,2,5,4,1,2,4,3,2
94087,2045592709,1989,1,5,3,1,2,4,5,1
94089,1984958797,1957,2,3,2,1,3,5,4,2
94102,2013159915,1946,1,6,1,1,1,5,3,2
94103,2013059811,1986,2,6,1,4,1,5,5,1
94104,2021591715,1987,1,5,1,1,4,2,1,5
94107,2035676179,1996,2,5,1,4,1,5,5,1
94108,2012574275,1970,1,5,1,1,1,5,5,2
94109,2010973641,1961,1,3,7,1,5,5,1,5
94111,2033573867,1990,1,5,1,6,1,5,5,1
94112,2011357843,1985,2,5,1,3,1,4,5,1
94114,2031039191,1960,1,5,1,1,2,5,3,1
94115,2038615497,1960,2,5,1,1,2,4,2,3
94116,2034836077,1969,2,5,1,4,1,5,5,1
94117,1993416289,1997,1,5,4,4,4,3,2,2
94121,2014505327,1991,1,5,1,1,2,2,2,1
94122,2016520335,1974,2,6,1,1,1,5,5,1
94123,2021864321,1973,1,5,7,4,2,2,2,3
94124,1997434381,1965,2,2,1,2,1,4,3,1
94131,2000837041,1993,2,5,3,1,3,2,3,2
94132,2033157355,1988,1,5,1,1,2,5,1,3
94133,2014727105,1997,1,5,4,1,5,1,1,5
94134,2039507567,1961,2,3,3,4,1,5,1,2
94303,2006859711,1953,1,6,1,1,1,5,5,1
94305,2015291811,1995,2,6,3,1,1,4,5,1
94306,2039633821,1995,2,6,1,6,1,5,5,1
94401,2043453573,1958,1,3,7,1,5,1,3,5
94403,2014860217,1937,1,2,2,4,2,4,2,3
94501,2039025263,1970,1,5,2,1,1,5,3,1
94502,2026742741,1971,2,4,4,3,2,4,3,5
94503,2008747523,1979,1,5,1,1,1,2,2,2
94505,2013303735,1960,1,3,6,5,5,2,3,4
94507,2016963731,1985,2,5,1,3,1,5,5,1
94509,2015133311,1972,2,5,8,4,1,5,1,2
94510,2045757525,1934,1,5,1,4,2,5,5,2
94512,2033329823,1990,2,4,2,1,3,4,1,3
94513,2013803787,1957,1,3,4,3,2,3,1,4
94517,1998568503,1992,1,4,1,1,1,5,5,1
94518,2025234937,1984,1,2,7,1,5,1,1,1
94519,2038946661,1990,2,4,1,4,1,4,2,3
94520,2023627713,1995,2,5,3,3,1,5,5,2
94526,2016378649,1973,2,6,7,1,5,2,1,5
94530,2017349131,1983,2,6,3,7,1,5,5,1
94533,2034920083,1987,1,5,2,1,2,1,1,1
94534,2040206557,1991,2,2,7,3,3,3,3,3
94536,2010165465,1992,2,6,1,1,1,5,5,1
94538,2009545149,1989,2,5,5,4,4,2,3,2
94539,2012762601,1990,1,6,2,1,3,4,3,3
94541,2038488845,1971,2,4,5,6,5,1,1,5
94544,2045916003,1983,1,1,2,4,3,3,3,3
94545,2028814107,1965,2,2,7,3,2,5,3,2
94546,2012918111,1990,1,5,1,1,2,4,5,2
94547,2010448509,1983,1,5,2,2,2,5,3,2
94551,2039352143,1984,1,5,1,1,5,2,2,2
94553,2024131435,1994,1,5,6,1,2,2,2,2
94555,2038667433,1978,2,4,8,4,2,4,2,2
94556,1995287591,1970,1,6,4,1,5,2,2,4
94558,2015222855,1997,1,3,1,6,1,5,5,1
94559,2036210855,1958,1,3,1,1,2,4,4,2
94560,2011179357,1988,2,5,7,1,3,4,3,3
94561,2015754939,1951,2,2,5,1,3,5,2,3
94565,2003406569,1994,2,1,4,2,1,5,3,3
94566,2036651089,1982,1,3,2,3,1,5,5,1
94568,1683087425,1979,2,5,2,1,2,4,2,4
94571,2042850031,1994,2,3,3,1,2,3,3,2
94577,1992014517,1984,1,6,1,1,2,3,2,1
94578,2031398917,1990,2,2,2,1,2,4,4,1
94579,2014782745,1968,2,3,1,2,1,1,3,2
94580,2036926951,1949,1,5,2,4,2,5,2,1
94582,2013493809,1966,2,6,1,4,2,5,3,4
94583,2038759235,1985,1,3,3,2,2,4,3,1
94585,2033030217,1958,1,4,2,2,2,5,3,3
94587,2029041837,1933,1,3,7,1,3,4,2,4
94588,2019833121,1946,2,2,7,1,3,2,2,2
94590,2030944519,1944,1,4,4,1,5,1,1,5
94591,2037006693,1949,1,2,1,1,2,4,4,2
94595,1992763011,1940,1,6,7,1,5,5,1,5
94596,2013394579,1980,2,5,1,1,1,4,5,1
94597,2012971291,1988,1,6,6,1,4,5,3,5
94598,2015308663,1928,1,2,2,4,2,4,2,4
94601,2029472949,1994,2,3,2,6,3,2,3,3
94602,2042352233,1962,1,3,3,2,1,4,4,2
94603,2013304649,1971,2,6,3,1,2,1,3,2
94605,2013619515,1961,1,6,1,2,2,4,4,2
94607,2000356439,1986,1,5,1,1,1,5,4,1
94608,2012208329,1969,1,5,1,1,2,4,4,3
94609,2014375701,1986,2,6,1,1,1,5,5,1
94611,2007111749,1946,2,6,1,1,1,5,5,1
94612,2038863619,1993,2,6,2,2,2,5,2,2
94618,2013772785,1956,1,6,4,1,5,4,2,4
94704,2038637941,1997,2,5,3,4,2,5,5,1
94706,1998546545,1960,1,3,3,6,1,4,2,2
94707,2033334307,1981,2,6,1,1,2,2,2,3
94709,2039609627,1999,2,3,1,3,1,5,5,1
94710,2012512723,1990,2,6,2,2,1,1,1,1
94720,1998007423,2003,1,3,5,4,2,4,4,2
94801,1998376815,1958,1,6,1,1,2,5,5,1
94803,2030945917,1968,2,1,6,6,5,1,1,5
94804,2013508145,1975,1,5,5,4,5,2,1,5
94806,2015759669,1956,1,4,5,1,2,2,2,4
94901,1985002951,1997,1,6,4,1,2,2,3,2
94903,2040293965,2000,2,3,1,1,3,4,5,2
94925,2013131661,1974,1,6,2,1,1,5,5,1
94928,2016428423,1974,2,5,2,3,2,5,3,4
94931,2043492483,1960,1,4,1,6,2,5,4,2
94941,2013812083,1979,1,5,1,7,2,5,1,2
94945,2000035453,1965,1,4,4,1,1,5,5,1
94947,2021599601,1961,1,2,4,6,3,5,2,4
94949,2014773077,1945,1,6,3,1,2,4,3,2
94952,2029506843,1959,2,5,1,1,1,5,2,2
95004,2029579897,1997,3,3,1,3,1,5,5,3
95006,2015215687,1961,2,3,4,1,3,3,5,2
95008,2033377933,1993,1,3,3,6,2,5,5,1
95012,2030543107,1975,1,2,7,1,5,2,1,5
95014,2013224291,1988,1,5,1,1,2,2,3,3
95020,2033601449,1988,2,6,1,1,3,2,3,3
95023,2028984771,1977,1,4,7,1,1,NA,1,1
95032,2041446593,1980,1,6,3,4,2,4,4,2
95033,2022053603,1956,1,5,7,6,3,2,1,4
95035,2027638223,1998,1,6,2,4,1,5,5,1
95037,2020958343,1972,2,2,7,1,5,1,1,5
95045,2034510647,1975,1,3,6,3,3,2,1,4
95050,2013766507,1979,2,5,1,1,1,1,1,1
95054,2026740301,1999,1,2,2,5,2,3,3,2
95060,2009018645,1998,2,4,2,1,1,5,4,2
95062,2009785275,1983,1,5,1,1,2,4,4,1
95076,2021671689,1959,2,4,4,1,3,NA,3,3
95111,2041446817,1975,1,6,1,4,1,5,5,1
95112,2023876715,1993,2,5,2,3,1,5,5,1
95118,2015095671,1972,2,3,1,1,2,3,4,1
95119,2038557803,1996,2,5,1,2,2,5,3,1
95120,2006870755,1990,2,5,1,1,1,5,5,1
95121,2041082783,1986,1,3,4,1,2,4,3,2
95122,2016416645,1983,2,4,2,3,2,4,4,3
95123,2003158489,1990,1,5,1,1,2,2,2,2
95124,2023833383,1985,1,3,5,1,4,2,4,4
95125,2015333087,1991,2,4,1,2,3,5,5,3
95126,1998800173,1956,1,6,4,4,1,5,1,5
95127,169983499,1972,1,5,3,3,2,4,5,2
95128,2036927219,1951,1,5,2,4,1,4,4,2
95129,2012236415,1976,2,3,4,3,1,5,4,1
95130,2035087235,1971,1,5,1,1,1,5,5,1
95131,2002154035,1993,2,6,1,1,5,2,1,5
95133,2039904861,1978,1,3,4,4,1,5,4,1
95135,2026742737,1986,1,3,4,1,2,5,4,3
95136,1995904537,1971,1,6,3,1,1,4,4,1
95138,2040679945,1948,1,4,2,1,3,4,3,5
95148,2028875451,1945,2,2,6,1,4,2,2,2
95202,2015626311,1986,2,5,3,2,1,5,5,1
95204,2021568673,1983,2,2,3,3,2,2,2,2
95205,2018131313,1992,2,2,1,7,1,5,5,1
95206,2020079989,1951,1,3,1,2,2,3,3,3
95207,2026623135,1942,2,3,4,2,1,5,5,2
95209,2033514397,1995,2,3,6,1,2,3,4,2
95210,2007911693,1988,2,2,1,4,1,1,2,3
95212,2016016083,1988,1,3,1,4,1,5,5,1
95215,2031460917,1990,1,3,4,1,5,4,2,3
95222,2034418187,1995,2,3,7,4,5,2,1,5
95228,1984133001,1934,1,1,7,1,4,NA,1,4
95240,2045843599,1980,1,2,1,3,4,4,1,2
95242,2037095571,1956,1,3,2,1,1,5,4,2
95304,2014637015,1950,1,6,6,1,4,1,4,2
95307,2042638487,1980,2,3,1,3,2,3,3,3
95320,2014589209,1992,2,5,5,2,5,1,1,5
95327,2019921385,1955,2,2,3,1,1,5,5,1
95329,2021417537,1970,1,3,5,3,5,2,3,5
95336,2040052171,1987,1,2,6,3,2,4,2,2
95340,2038772539,1963,2,4,3,6,1,5,3,1
95341,2017116937,1953,1,2,1,3,1,4,4,2
95348,2045315733,2001,2,2,2,3,1,5,5,1
95350,2025743121,1959,2,3,6,1,2,5,3,1
95351,2037631493,1974,2,3,1,1,1,5,5,1
95355,2012483019,1955,1,3,1,3,1,5,3,2
95356,2029880443,1985,2,3,2,3,2,4,5,3
95357,2019172539,1989,2,2,1,3,1,1,2,2
95358,2041058621,2001,1,3,2,3,5,5,4,2
95360,2036816655,1995,2,5,4,4,2,3,3,1
95361,2031968147,1980,1,3,7,1,5,1,1,5
95367,2026740613,1995,1,4,1,7,2,1,2,3
95377,2036106235,1979,3,5,2,6,1,5,5,1
95380,2038638835,1983,1,2,4,1,3,4,1,5
95401,2039944257,1992,2,5,2,1,2,4,4,2
95403,2010842181,1981,1,5,1,6,1,5,5,1
95404,2038246741,1943,1,6,3,1,1,4,4,2
95405,2016968543,1984,2,5,1,1,1,5,5,1
95407,1995238571,1985,2,5,1,1,1,5,5,1
95409,2010448813,1953,2,3,1,1,2,4,3,2
95422,2028885571,1987,1,3,1,5,1,5,5,1
95436,2037403969,2000,1,3,2,1,3,5,3,2
95437,2032782649,1980,1,2,1,1,4,2,2,2
95448,2042331611,1955,1,6,2,1,2,4,2,2
95457,2038772837,1980,1,3,2,1,3,2,3,3
95461,1999688841,1949,1,4,7,7,5,NA,2,5
95464,2014439347,1950,2,2,2,1,2,4,2,4
95472,2034659717,1995,2,4,2,1,NA,3,3,3
95476,2045072247,1969,2,5,3,1,1,5,2,1
95501,1999671975,1958,2,2,2,1,4,4,4,5
95503,2012844327,1982,1,5,3,1,1,4,5,2
95519,2044106651,1958,2,2,5,1,4,2,2,4
95540,2012465373,1974,2,3,1,1,1,5,4,2
95547,2034502951,1998,1,1,3,1,1,5,4,1
95603,1998449199,1952,2,3,1,1,1,5,5,1
95605,2038669607,1993,2,5,1,1,2,4,3,2
95608,2025230625,1968,1,4,7,1,5,1,1,5
95610,2038641431,1955,1,2,1,1,2,5,1,2
95616,2014613079,1995,1,5,4,6,1,4,4,1
95618,1999736549,1993,2,6,1,1,1,5,5,1
95620,2018472541,1949,1,2,4,2,3,3,3,3
95624,2002546431,1983,1,6,6,1,3,2,2,5
95628,1998837529,2000,1,3,3,1,1,5,5,1
95630,2045402475,1956,2,1,8,4,3,2,2,3
95632,1998806917,1962,1,2,7,1,5,1,3,5
95633,2013371053,1962,1,4,1,1,1,5,5,1
95642,2028973019,1997,2,2,6,1,4,2,2,4
95648,2039798365,1978,2,3,5,3,2,5,3,3
95650,1999503399,1967,2,5,1,1,1,5,5,1
95660,2020232419,1997,2,1,1,1,1,2,2,5
95666,2013373007,1981,2,5,4,1,1,5,5,1
95667,2031950899,1973,2,5,4,1,3,2,3,2
95670,2028973163,1981,2,2,2,1,3,5,2,2
95673,2013195009,1958,1,5,1,1,5,2,1,5
95678,2012327965,1966,1,6,5,1,5,3,1,5
95682,2011364077,1964,2,4,7,1,5,2,1,5
95685,1999068333,1943,2,3,2,1,3,4,3,2
95687,2026742849,1986,2,2,4,3,2,5,4,1
95688,2012160379,1970,2,5,2,4,1,5,4,2
95692,1998319665,1989,2,2,6,1,3,2,2,4
95693,2043492207,1957,2,3,7,3,5,2,1,5
95695,2029527273,1985,1,3,5,2,2,2,4,4
95720,2043023323,1969,2,4,2,1,3,4,3,4
95742,2018642781,1944,1,2,6,1,5,5,1,5
95747,2014502637,1963,2,4,1,1,1,5,5,1
95757,2044393421,1998,1,5,5,4,3,5,3,4
95758,2043681847,1970,1,3,7,1,4,2,2,5
95762,2043494455,1976,2,5,2,3,2,4,2,2
95765,2038714263,1962,1,5,3,1,1,4,4,1
95811,2017065801,1983,2,6,3,1,1,5,4,2
95814,2028873711,1956,1,3,3,1,1,5,5,1
95815,2034440231,1989,1,4,7,3,1,3,2,5
95816,1999629887,1989,2,5,2,4,2,4,5,2
95818,2014254811,1981,2,5,1,4,1,5,5,1
95820,2015451163,1937,2,2,4,1,3,4,3,4
95821,2018812187,1979,2,4,1,1,1,5,4,1
95822,1996988049,1987,2,5,1,1,1,5,5,1
95823,2029101823,1979,1,3,2,3,1,5,5,1
95824,2031104567,2000,2,3,5,3,3,4,2,3
95825,2005711547,1954,1,2,4,1,4,2,2,4
95826,2034606345,1989,2,2,1,3,2,4,3,3
95827,1997442859,1954,2,3,4,1,4,2,3,4
95828,2034551641,1964,2,4,3,2,1,5,5,1
95829,2010831795,1959,1,5,7,6,5,1,4,4
95831,2028764027,1963,3,6,1,2,1,5,5,2
95833,2040227805,1998,2,2,3,6,2,3,3,3
95834,2024524239,1995,2,3,2,4,1,3,5,3
95835,2014752049,1986,2,5,2,6,1,5,2,3
95838,2029153621,1970,2,4,1,2,1,5,5,1
95841,2016908309,1959,2,2,1,1,4,4,4,4
95842,2036917015,1971,2,2,3,1,1,5,5,1
95843,2014681295,1948,1,5,7,1,4,4,4,5
95864,2017164761,1984,2,3,8,1,3,3,3,3
95901,1999344039,1994,2,4,4,1,2,4,4,2
95926,2039409175,1954,1,6,1,1,1,5,5,1
95928,1993728697,1998,1,3,4,3,1,5,2,2
95938,2030902385,2001,2,3,2,1,1,5,5,1
95941,2011730257,1977,2,3,4,1,2,4,4,2
95945,2012525667,1990,1,5,6,4,4,4,2,3
95946,2039695805,1974,1,1,4,1,5,1,1,5
95948,2010377711,1949,2,2,7,1,5,3,1,5
95949,1998655273,1956,1,5,7,1,5,2,1,5
95959,2044046467,1964,2,4,6,1,2,4,2,2
95961,2015700599,1998,2,3,3,1,1,5,5,1
95963,2014997855,1975,2,6,3,1,1,5,5,1
95965,1998012083,1968,2,4,1,1,2,2,1,5
95966,2015431489,1981,2,3,1,1,1,5,3,2
95987,2029197665,1997,1,4,4,1,2,3,1,2
95991,2009786645,1988,2,4,1,1,1,5,5,1
95993,2040207111,1981,1,5,6,1,5,1,1,5
96001,2010678279,1969,1,2,2,1,1,4,4,1
96002,2007755173,1954,2,4,4,1,5,4,2,5
96003,2038736969,1978,2,6,5,1,3,2,2,4
96007,2037403983,1988,1,2,7,1,5,3,2,2
96008,2014992533,1960,2,2,7,1,5,1,1,5
96019,2019295309,1959,1,2,7,1,3,3,2,3
96022,2024921417,1960,2,2,1,1,3,4,3,4
96035,2018605175,1956,1,2,1,1,3,3,2,3
96050,2016569081,1962,1,4,1,1,1,5,5,1
96064,2029033815,1999,2,2,8,1,4,4,3,2
96067,2038925587,1961,2,3,1,3,1,5,5,1
96080,2012049773,1958,2,3,7,1,4,3,2,3
96088,2013647765,1987,2,5,4,1,2,3,3,2
96094,2014245563,1990,2,4,5,1,5,3,1,5
96101,2014867375,1970,1,3,3,7,1,5,5,1
96104,1995165753,1985,2,6,1,1,1,5,5,1
96130,2034525623,1993,2,3,3,1,2,4,3,2
90001,2041082513,1992,1,4,1,1,2,3,4,2
90001,2043640607,1991,2,5,7,1,4,1,2,5
90001,2014375417,1970,2,5,1,1,1,3,2,3
90001,2013792165,1985,1,5,1,3,2,2,3,3
90001,2011854129,1985,1,5,2,1,1,4,2,3
90001,2001521667,1985,1,5,1,3,3,3,3,3
90001,2039392675,2000,2,2,6,4,2,4,5,3
90001,2011396303,1990,1,6,1,1,1,2,1,3
90001,2013227419,1990,2,5,1,3,2,4,2,3
90001,2012968637,1995,2,5,1,1,2,4,2,2
90001,2013850497,1998,1,6,1,2,2,4,4,1
90001,2013028405,1991,1,5,1,2,1,1,2,1
90001,1998130279,1992,1,3,1,1,2,2,3,2
90001,2043935055,2003,2,3,2,4,2,4,1,2
90001,2035144711,1996,2,4,2,1,1,3,2,2
90001,2034757183,2001,2,2,7,2,2,3,1,2
90001,2002884603,1990,1,6,1,1,1,4,1,1
90001,2039310231,1985,1,5,1,1,2,2,3,3
90001,1999481405,1980,1,5,1,1,4,2,2,2
90001,2040473689,1998,1,4,7,3,5,3,1,3
90001,2022077451,1988,1,5,7,1,1,1,1,2
90001,1999517645,1980,2,5,1,3,1,3,2,3
90001,2000551069,1985,1,5,1,3,3,4,2,3
90001,1999498961,1984,1,5,2,1,5,1,1,4
90002,1997828523,2000,1,2,8,3,1,5,1,1
90002,2012885399,1989,1,5,5,3,4,3,3,2
90002,2012171845,2000,1,5,1,1,3,2,2,3
90003,2039698261,1980,1,5,4,4,1,3,1,5
90003,2011574091,1989,2,5,1,4,2,4,2,2
90004,2030845873,2000,1,1,2,2,2,2,1,3
90005,2034418313,1973,1,3,8,4,1,1,1,4
90005,2035394991,2001,1,4,1,2,1,4,2,2
90005,2037322369,1985,2,3,6,6,1,2,2,1
90006,2040026575,1970,2,1,1,5,2,1,3,3
90006,2015576725,1994,2,5,3,1,1,5,5,1
90006,2042375419,1993,1,6,7,1,2,1,2,2
90006,2030596311,1994,2,5,3,1,2,3,3,3
90008,1998252121,1970,1,3,1,1,1,5,5,1
90011,2038641511,1995,2,6,1,3,1,1,1,1
90011,2046044439,1994,1,4,7,1,2,4,3,2
90011,2039214777,1993,1,5,1,1,1,1,2,1
90011,2026740297,1994,1,5,1,1,1,2,1,2
90011,2019459863,1998,1,5,4,3,2,3,3,2
90011,2012883089,1968,1,4,3,1,1,5,5,1
90012,2006544707,1994,1,5,6,1,2,2,2,2
90012,2040340487,1997,1,5,1,1,1,4,1,1
90012,2010428127,1985,1,1,1,1,3,3,3,3
90012,2002114391,1993,1,5,6,1,2,3,2,2
90012,2010063553,1993,1,5,6,1,2,2,2,2
90012,2012522635,1980,1,6,1,1,2,4,5,3
90012,2010114229,1994,1,5,6,1,2,3,2,2
90012,2012636613,1992,1,5,6,1,2,3,2,2
90012,2022142533,1991,1,5,7,1,2,2,1,1
90014,1998800747,2000,2,2,2,1,3,4,2,4
90014,2015450083,1985,1,6,1,5,3,3,3,3
90014,2010336089,1968,2,5,1,1,3,3,2,3
90014,2014099239,1985,1,2,1,5,4,2,3,3
90014,2011938533,1985,1,6,1,1,2,5,4,2
90014,2001584247,1993,1,5,1,2,1,2,2,1
90014,2038995695,1985,1,6,1,5,2,2,3,3
90015,2040184873,1994,2,3,1,2,2,5,3,2
90015,2039392811,1995,1,3,2,3,1,4,5,1
90017,2020830727,1992,2,5,1,4,2,3,3,3
90017,1999408419,2002,1,2,1,1,5,3,2,4
90017,1998981589,1989,1,3,7,1,3,3,2,3
90017,2014099857,1995,1,5,6,1,2,3,2,2
90017,2012762179,1981,1,6,1,1,2,1,1,2
90017,2017684595,1988,2,1,6,1,4,3,2,1
90017,2041235205,1991,1,2,1,1,2,2,2,3
90017,2010977359,1980,1,5,2,1,2,3,2,3
90018,2038760189,2003,2,3,6,3,2,4,4,2
90019,2038901997,2000,1,2,2,3,1,4,3,2
90019,2032708407,2004,2,3,1,3,1,5,5,1
90019,2021264879,1984,1,3,4,2,2,3,4,2
90019,2038239875,1989,1,3,1,4,2,4,4,2
90019,2031537343,1998,2,5,3,3,3,4,5,2
90019,2038432211,1991,1,5,2,3,1,5,4,2
90020,2041126961,1998,1,3,1,6,1,4,5,2
90022,2021544753,1981,2,2,8,3,3,3,3,3
90022,2039698863,1979,2,4,4,3,1,4,2,3
90024,2039699695,1961,2,3,3,1,1,5,5,1
90024,2042361339,1962,2,6,4,4,2,5,3,2
90024,1999508635,1958,1,6,4,1,1,5,5,1
90024,2039600725,2002,1,3,4,4,2,4,4,2
90024,2012907999,1992,1,5,1,1,1,2,1,2
90024,2037027831,1953,1,3,6,1,3,3,2,4
90024,2040316941,2003,1,3,2,4,2,3,5,1
90024,2045403671,2003,1,3,2,1,2,4,4,2
90024,2039600797,2001,2,3,1,1,1,4,5,1
90024,2019803401,1989,2,3,5,1,4,1,1,5
90025,2042328111,1937,2,4,1,1,2,4,4,3
90025,2002444481,1965,1,6,3,1,2,4,5,1
90026,2038712575,1960,2,4,2,4,2,4,2,3
90026,2038772263,1967,2,3,2,3,2,5,3,2
90026,2014127817,1979,2,5,1,1,2,4,4,2
90026,2020231947,1996,2,6,1,1,1,1,1,1
90027,2011977521,1965,2,6,1,1,1,5,5,1
90027,2036913727,1994,1,6,1,1,1,5,5,1
90028,2014529005,1957,2,5,1,1,1,5,5,1
90028,2014869843,1984,2,2,1,1,1,5,3,4
90029,1984263163,1983,1,5,1,1,1,5,3,3
90029,2017794847,1983,2,4,1,1,2,4,5,1
90031,2029270291,1956,2,2,1,3,1,5,3,1
90031,2015163945,1990,3,6,3,1,1,5,5,1
90032,2039962453,1997,1,3,4,3,3,5,2,2
90034,2013810393,1982,1,6,3,3,2,4,3,2
90034,1995278727,1995,2,5,1,1,1,5,4,1
90034,2038821625,1958,1,3,2,4,4,NA,2,3
90035,2039602101,1993,2,5,1,1,1,5,5,1
90036,2008572619,1969,1,3,3,1,2,5,1,3
90036,1984389477,1972,2,4,3,1,1,5,3,1
90036,2037170905,1988,1,6,1,1,1,3,2,3
90036,2012082951,1971,2,5,2,1,2,4,3,3
90036,2029830753,1999,1,5,1,2,1,5,4,1
90036,1995611407,1988,1,6,6,4,2,3,2,3
90036,2039912637,1989,2,5,1,1,2,2,1,1
90037,1998800879,1998,2,5,1,3,1,5,3,1
90037,2039905083,1995,1,3,1,2,2,1,3,3
90038,2039912139,1998,2,3,2,6,2,5,4,2
90038,2034261639,1985,1,5,1,1,2,2,2,2
90038,2041680887,1994,1,5,3,3,2,5,4,1
90038,1995069409,1992,1,6,1,1,4,4,2,3
90039,2040255031,1986,1,5,1,1,2,2,2,2
90039,2019972899,1994,2,5,6,3,5,2,2,4
90041,2032619961,1978,1,6,4,3,5,5,3,5
90041,2035625401,1961,1,3,8,1,5,5,2,5
90041,2030672907,1964,2,3,1,3,1,4,3,4
90041,2016143231,1965,2,6,1,1,2,5,5,1
90044,2028986313,1982,1,2,8,2,2,5,5,1
90044,2021015569,1992,1,3,3,3,1,4,3,4
90044,1999666925,1988,2,5,2,1,3,1,1,4
90044,2041090739,2000,2,6,3,4,2,4,4,2
90045,2013507375,1998,1,2,2,5,2,3,2,2
90046,2019404185,1982,2,1,1,1,5,2,5,5
90046,2013892531,1971,1,5,4,1,2,2,1,4
90046,2008030527,1950,1,5,3,1,2,5,4,1
90046,2014589477,1945,1,2,1,1,2,5,3,3
90046,2019642039,1999,3,5,3,1,3,2,2,2
90047,2020094655,1992,1,3,1,2,2,4,3,1
90049,2041545879,1987,2,5,1,1,2,1,2,3
90049,2017523297,1997,2,5,4,6,1,5,5,1
90057,2038981253,1989,2,4,1,1,2,1,3,1
90063,2039601131,1995,1,5,1,1,2,5,1,2
90063,2020960347,1982,2,3,1,3,1,5,5,1
90065,2014426007,1970,2,5,1,3,1,4,4,2
90065,2043488687,1981,1,3,2,1,1,3,3,3
90065,2036220643,1985,1,2,8,3,3,3,5,1
90066,2019770541,1938,2,2,1,1,1,4,4,1
90066,2019305139,1984,2,5,1,2,NA,1,1,5
90066,2013280695,1975,1,5,7,1,3,2,3,3
90066,2028463869,1997,1,5,2,1,1,4,4,1
90066,2012174999,1987,1,6,2,4,NA,4,5,1
90069,2029440109,1958,1,3,1,3,1,5,3,1
90069,2045013647,1969,1,6,1,1,2,4,5,1
90201,2042353803,1987,1,6,7,2,1,1,1,2
90201,2034935993,1990,1,5,1,1,1,3,3,1
90201,2041414487,1992,1,2,1,3,1,5,3,1
90210,2034444967,1997,1,5,7,1,2,4,5,1
90210,2042678063,1995,2,3,1,3,2,4,4,2
90220,2036915793,1955,2,3,2,2,1,5,5,2
90221,1999238143,1988,2,3,7,3,5,1,3,5
90222,2022339971,1982,1,5,2,1,2,4,2,3
90230,1998321107,1995,2,4,7,1,2,4,4,1
90230,2014525271,1968,2,5,1,6,1,5,3,2
90230,2042280373,1946,2,5,7,4,2,5,1,4
90230,2014695551,1967,2,3,2,3,2,4,4,3
90240,2025338939,1952,2,2,1,3,2,NA,3,3
90240,2015236013,1951,2,2,1,3,1,4,1,4
90242,2039845085,2003,2,3,2,3,1,4,5,2
90245,2036913883,1998,2,6,1,1,1,2,1,1
90245,2033184897,1986,2,2,1,1,3,2,3,4
90245,2014160717,1982,2,6,2,3,1,5,5,1
90245,2013112601,1992,2,6,1,1,1,5,5,1
90247,1999714865,1990,1,5,1,4,2,4,4,1
90247,2010503793,1979,1,3,4,1,3,2,2,3
90248,2029573749,1959,2,3,7,7,5,1,5,5
90250,2042443197,1993,2,2,4,3,1,5,3,1
90254,2010290169,1974,1,2,1,1,1,5,5,1
90254,2039633409,1998,1,6,1,3,1,5,5,1
90254,2013621521,1956,2,6,1,1,2,4,3,3
90255,2038675819,1972,1,2,7,7,4,2,1,5
90260,2034769377,1969,2,4,7,1,5,2,2,4
90270,2021465721,1958,1,6,1,1,5,1,1,2
90274,2033081557,2004,1,3,2,1,2,4,4,2
90274,2032272189,1969,2,6,4,1,2,2,2,2
90275,1999280941,1998,2,5,2,1,1,5,5,1
90277,2036927193,1956,1,5,4,4,4,2,2,3
90278,2011575473,1955,2,5,2,4,2,4,3,3
90278,2034726737,1956,1,5,7,1,3,2,1,5
90278,2039693793,1984,2,5,3,2,2,4,5,4
90278,2010231391,1966,2,3,1,1,1,5,4,1
90278,2015258439,1967,1,3,3,1,2,2,3,2
90278,2025764869,2002,1,3,3,1,1,5,5,1
90292,2012037467,1962,2,5,1,1,5,5,5,1
90292,1999801601,1990,1,5,2,1,1,4,2,3
90292,2014058377,1990,1,5,2,1,2,2,2,3
90302,2037199761,1959,2,3,1,2,2,3,5,2
90302,2014500225,1988,2,5,3,2,1,5,5,1
90302,2001017207,1994,1,5,3,1,1,5,5,1
90305,2030016595,1985,1,4,4,1,3,3,3,4
90403,2011060273,2002,1,3,5,1,4,1,1,2
90403,2017561365,1993,1,6,1,1,1,5,5,1
90404,2031321395,1970,2,6,1,1,1,5,4,1
90404,2039602939,1997,2,6,2,4,2,4,3,4
90404,2029089589,1979,2,3,3,1,1,4,1,2
90405,2016976223,1989,2,6,1,1,1,5,5,1
90501,2012036835,1959,1,6,5,6,2,3,1,2
90501,2039593999,1995,2,6,4,4,1,2,2,2
90501,2013108959,1973,1,6,1,4,1,5,3,3
90501,2045843563,1989,2,6,2,4,4,5,3,2
90501,2033538917,1986,1,4,3,1,2,2,1,2
90502,2038643167,1995,1,3,6,4,2,5,2,2
90505,2012739519,1968,2,4,1,2,1,5,5,1
90505,2023300387,1933,2,2,1,1,3,3,3,3
90505,2034768703,1998,2,6,1,1,2,1,5,1
90602,2040220095,1958,1,3,7,2,2,3,1,2
90602,2020503533,1950,1,3,1,3,2,5,3,2
90602,2024758783,1987,2,4,5,3,1,2,1,1
90602,2011406643,1958,1,3,7,2,1,4,1,2
90604,2008290155,1986,1,5,7,1,5,1,1,5
90605,2039762905,1995,1,2,5,1,5,5,5,5
90605,2029540199,1956,2,2,2,1,5,4,NA,5
90606,2014436627,1998,2,3,2,3,1,1,5,1
90606,2029289221,1998,1,4,1,3,2,3,3,1
90630,2022890539,1982,1,4,7,3,4,2,1,5
90630,2036926483,1957,1,5,6,4,2,3,2,3
90630,1993056437,1965,2,5,2,4,3,3,2,2
90631,2000322141,1982,2,4,1,1,1,5,5,1
90631,2031206613,1996,2,5,1,1,2,5,5,1
90631,2022214395,1964,1,3,2,1,3,5,3,1
90631,2011101873,1960,2,5,3,3,2,4,2,4
90640,2038583733,1972,2,4,2,3,1,5,4,1
90650,2031368049,1955,2,3,7,3,4,4,1,4
90650,2043635479,2001,2,3,2,3,1,4,3,1
90650,2020794527,1950,1,2,1,3,1,5,3,4
90660,2041041969,1994,2,4,2,3,1,2,1,3
90660,2027383103,1968,2,3,5,3,2,4,2,2
90660,2018641581,1975,1,3,1,3,2,5,2,4
90706,2022171345,1952,1,2,3,3,2,4,4,2
90712,2045072087,1962,1,5,4,1,5,1,1,5
90712,2038529545,2004,1,3,5,3,3,2,3,3
90712,2042327803,1953,2,6,4,6,5,1,1,5
90731,2014290593,1963,1,1,1,3,1,5,5,1
90731,2033280121,1968,1,3,4,3,1,5,1,5
90731,2014813671,1955,1,5,5,4,1,4,1,5
90732,2030851709,1967,1,3,2,1,4,3,2,3
90732,2023266323,1948,1,4,1,1,1,NA,4,2
90740,1984269981,1964,2,3,1,1,2,5,4,1
90740,2042638787,1948,1,4,1,1,2,4,3,4
90744,2015109413,1986,2,4,4,3,2,4,2,2
90744,2038641367,1968,1,2,7,1,4,2,2,4
90745,2008888021,1992,1,3,2,1,4,1,1,2
90745,2014371061,1988,2,5,4,1,2,NA,2,2
90746,2041345011,1988,2,4,5,4,5,1,1,5
90746,1999557167,1973,2,3,7,1,5,3,1,5
90755,2015218051,1951,1,4,1,3,1,5,1,1
90802,2013507837,1995,2,5,4,4,1,5,5,1
90802,2028889133,1984,1,3,1,1,2,5,5,5
90802,2021781451,1955,1,3,7,7,5,1,1,5
90802,2015513823,1989,2,2,2,3,1,5,4,2
90804,2038229875,1984,2,4,1,3,3,3,3,3
90805,2041032995,1969,1,5,4,1,2,4,4,2
90805,2021691577,1985,1,2,2,1,3,4,3,3
90805,2027044727,1975,2,3,1,2,4,4,3,3
90805,2029043203,1989,2,2,4,4,1,1,3,3
90805,2045337647,1990,2,5,2,2,3,2,3,1
90806,2036915457,1984,2,5,1,3,1,5,5,1
90806,2040986259,1984,1,3,3,6,2,4,3,2
90806,2026334199,1947,1,3,1,2,1,5,5,1
90807,2040293933,2000,2,3,1,1,2,4,4,1
90807,2013028347,1958,1,5,1,1,1,5,5,1
90808,2012494411,1960,1,5,6,1,2,2,2,4
90810,2030892703,1981,1,2,1,1,5,NA,1,5
90813,2035419077,1994,2,3,4,6,5,5,5,5
90815,2038780473,1941,2,4,7,1,4,3,2,4
91001,2016020249,1965,2,2,1,3,2,5,3,4
91010,2015615981,1975,2,3,1,3,1,4,3,2
91016,2008645507,1985,2,3,4,4,5,4,1,5
91020,2037679685,1949,2,6,1,1,1,NA,3,1
91020,2011710257,1999,2,6,1,8,2,3,1,3
91042,2004271145,1983,2,3,6,1,3,4,2,4
91042,2040384103,1997,1,5,1,1,1,4,1,1
91101,2003729855,1989,1,5,6,7,2,2,3,3
91104,2021584317,1985,1,3,4,1,4,2,2,4
91106,1998187467,1998,2,2,5,1,4,1,1,4
91106,2022037861,1968,1,3,7,1,3,1,2,5
91106,2001412889,1998,1,5,2,1,2,4,5,1
91201,1998814477,1981,2,3,3,3,2,5,2,5
91202,2038800471,2001,2,3,1,1,1,4,5,1
91205,2038693809,1996,2,4,1,1,1,5,5,1
91208,2045206759,1962,1,5,1,1,2,5,5,1
91304,2044869839,1963,1,4,1,1,1,5,5,1
91304,2020558915,1984,1,6,3,6,2,5,5,2
91311,2035568745,1974,1,3,7,1,3,2,1,5
91320,2022950767,1966,1,3,6,1,2,4,4,2
91320,2021503595,1962,1,6,1,1,1,5,3,1
91320,2014099345,1988,2,5,2,1,1,5,4,2
91320,2032924725,1979,1,3,3,1,2,4,4,2
91321,2014223209,1945,1,2,1,1,2,5,2,4
91335,2045798041,1981,2,6,1,1,1,5,5,1
91335,2011853943,1963,1,5,1,1,2,3,3,2
91335,1998289871,1964,1,4,5,1,5,3,2,5
91335,2031297991,1994,2,5,4,4,3,4,3,2
91340,2034471305,1994,2,4,1,3,1,5,5,1
91340,2026742809,1968,1,2,1,3,1,5,4,1
91340,2026740295,1997,2,2,4,3,3,5,3,3
91340,2030717403,1982,1,2,1,3,3,3,3,3
91340,2044813445,1994,1,3,2,3,2,4,4,2
91342,1996275641,1956,2,3,7,1,3,3,4,2
91342,2034551935,1976,1,2,4,3,1,2,2,4
91342,2010710871,1979,1,6,1,3,2,5,5,1
91342,1999414279,1981,2,5,1,4,2,4,4,1
91342,2030943727,1963,2,3,7,3,5,5,1,5
91342,2000024967,1975,2,5,3,1,2,4,2,2
91342,2029234583,1991,1,3,2,3,2,5,2,3
91342,2028427679,1970,2,4,1,3,1,5,5,1
91343,2012596613,1971,1,1,1,2,2,5,5,1
91350,2007701233,1955,2,5,2,1,2,5,3,3
91350,2043775581,1995,2,3,3,3,1,5,5,1
91350,2012324469,1964,2,5,1,1,1,5,5,1
91350,2039094003,1950,1,5,1,1,1,5,3,1
91350,1998441349,1964,1,6,3,1,3,4,2,4
91351,2012313777,1986,2,3,5,1,5,3,3,3
91351,2014587229,1960,2,3,7,1,5,1,1,5
91351,2018823145,1945,1,2,7,1,3,2,1,5
91351,2039353173,1962,2,5,1,1,1,5,5,2
91352,2014931029,1993,2,2,8,1,3,3,3,3
91354,2045014805,1988,2,6,6,1,5,2,1,5
91355,2033078635,1950,2,1,7,1,5,NA,1,5
91355,2021920503,1974,1,5,5,6,5,1,1,5
91355,2014962381,1971,2,4,4,6,3,4,3,5
91355,2039666109,1999,1,3,4,4,2,4,4,2
91356,2034462829,1983,1,5,3,1,1,5,4,2
91360,2039916869,1980,1,5,3,1,1,5,5,1
91360,2013393089,1985,1,4,4,6,1,5,5,1
91360,2013138043,1983,2,6,1,1,2,5,4,2
91362,1999083491,1985,1,3,7,1,2,2,2,2
91381,2031761667,1971,1,5,6,1,5,3,3,3
91390,2043492523,1975,1,3,3,6,1,4,4,1
91401,2020099463,1980,2,5,1,4,1,5,5,1
91405,2013186511,1949,2,3,1,1,1,5,5,1
91406,2013216285,1966,2,6,1,3,1,5,5,1
91406,2034789183,1970,2,6,1,1,1,4,4,1
91406,2026538661,1980,1,3,5,4,5,1,1,5
91501,2045007053,1978,1,6,2,1,1,5,5,1
91506,1999594835,1960,2,3,1,3,2,4,4,1
91601,2024763773,1979,2,2,4,1,5,3,1,5
91604,2014992483,1966,1,6,4,1,2,5,3,2
91605,2016733829,1986,2,3,1,1,1,5,5,1
91605,2039632113,1997,2,3,8,3,2,4,1,2
91607,2035797977,1992,1,5,2,3,1,4,4,1
91607,2045014349,1965,2,6,1,1,1,5,5,1
91607,2037782353,1988,2,6,1,1,1,5,5,1
91701,2013232411,1939,2,1,6,1,3,4,2,4
91701,2015486453,1957,1,1,3,1,1,5,3,2
91701,2029472985,1962,2,3,2,2,3,NA,3,3
91702,2011779535,1960,2,4,7,1,5,NA,2,5
91706,2035675999,1979,2,2,7,4,1,5,2,5
91706,2010364799,1958,1,4,1,3,3,3,3,3
91706,2038729225,1991,2,3,6,3,3,4,3,5
91706,2033710321,1977,2,3,3,3,1,5,5,1
91708,2011365775,1987,2,5,1,1,1,5,5,2
91709,2040945775,2000,2,5,3,1,1,5,5,1
91709,2039630773,2003,2,3,2,4,1,5,5,1
91709,2034546015,2000,2,2,8,3,1,3,3,1
91710,2015643275,1977,2,5,1,3,2,4,4,4
91710,2026744151,1944,2,5,1,2,4,5,NA,1
91711,2036983887,1945,1,4,6,1,5,2,2,5
91711,2040206501,1997,1,3,1,1,2,4,4,1
91711,2014268731,1999,2,5,1,3,1,5,5,1
91711,2039912233,2003,2,3,3,2,2,4,5,1
91711,2015644235,1983,1,3,3,1,1,5,5,1
91722,2045763261,1985,2,6,1,1,1,4,5,1
91722,2029388719,1994,2,3,3,3,1,5,5,1
91730,2025439221,1991,1,3,3,4,2,5,4,2
91730,2038609663,2000,2,2,1,1,1,4,5,2
91730,2010651249,1961,2,6,3,1,1,5,5,1
91731,2014257321,1953,1,2,1,1,1,5,5,1
91731,1999136715,1988,1,4,2,3,1,1,2,2
91731,2038883553,1985,2,3,6,3,1,2,4,4
91732,2034473979,1989,2,3,6,3,1,2,1,2
91732,2015396403,1979,1,5,6,6,2,4,1,1
91737,2033223479,1998,2,3,1,3,1,4,4,2
91737,2013454851,1957,1,2,6,1,5,4,1,5
91739,2040054575,2003,1,3,5,6,5,2,1,2
91739,2011579543,1984,1,5,1,3,1,4,5,1
91740,2030621913,1982,2,2,1,2,3,3,3,3
91740,2039365585,1977,2,3,7,1,5,1,1,5
91744,1993676835,1964,2,5,1,2,1,5,3,5
91744,2038996063,1990,2,3,7,3,1,3,3,2
91744,2031386559,1999,2,5,3,1,1,4,3,1
91744,2034233509,1979,2,1,7,1,5,3,1,5
91746,2039962505,1992,2,4,6,4,1,5,3,2
91750,2032782841,1990,1,2,3,3,NA,5,5,2
91752,2034608363,2000,2,3,8,3,5,3,1,3
91754,2038230521,1988,1,5,3,3,3,4,3,2
91754,1983973889,1944,2,6,5,4,5,4,2,1
91755,2038659147,1992,1,4,2,4,2,3,3,1
91761,2034513839,1961,1,3,2,1,5,4,1,5
91761,2039417725,1993,1,2,1,1,1,5,5,1
91761,2017214119,1987,1,5,2,1,2,4,4,2
91761,2044043845,2003,2,2,2,2,1,5,5,1
91761,2015109081,1988,1,5,1,1,2,3,2,1
91762,2040078637,1998,2,5,1,6,1,5,5,1
91763,2017983789,1968,1,4,5,3,3,2,1,5
91764,2043659789,1999,2,2,6,4,5,2,1,3
91764,2043871779,1994,1,2,2,3,3,3,3,2
91764,2040094021,1997,2,5,4,1,2,4,3,3
91765,1984564713,1992,2,6,4,4,1,5,3,3
91765,2018686161,1980,1,3,4,1,5,5,1,5
91765,2015731565,1948,1,3,4,1,5,2,2,5
91765,1996041437,1982,2,5,1,4,1,1,1,3
91768,2032569639,1983,2,5,1,1,3,3,2,2
91768,2039729013,2003,1,3,4,8,2,4,5,2
91770,2038958757,1982,1,3,6,4,1,5,1,5
91770,2021530347,1973,1,3,2,3,2,4,2,3
91770,2037761441,1991,1,5,1,4,2,1,3,2
91773,2020029995,1957,2,3,2,3,2,4,4,3
91775,2038713697,1984,1,4,6,4,1,1,1,5
91775,2042330093,1955,2,3,1,1,2,4,4,3
91776,2009936933,1993,1,4,2,3,4,4,2,3
91776,2041639361,1982,1,3,2,4,1,5,5,1
91776,2013660155,1998,2,4,2,7,1,5,5,1
91776,2039572011,1996,1,3,3,4,3,4,4,2
91776,2008668449,1980,1,3,1,3,2,4,4,2
91776,2013186639,1977,2,6,3,4,1,5,2,1
91786,2039572845,2004,1,3,2,3,3,4,3,3
91786,2036250219,1986,2,3,8,3,3,3,3,2
91786,2028707121,1957,1,4,7,1,3,3,3,3
91786,2013276963,1945,2,5,4,1,1,5,4,1
91786,2039912845,1993,2,3,2,4,4,2,2,2
91789,2031217641,1973,1,5,4,7,2,4,5,1
91789,2034524953,1992,1,3,7,1,5,2,3,5
91789,2028986187,1987,2,2,3,3,1,5,4,1
91790,2018450387,1957,2,2,7,1,5,1,1,5
91790,2020973631,1996,2,5,1,4,1,5,5,1
91790,1998358687,1993,1,4,1,2,2,4,4,1
91792,2018039283,1994,2,5,3,4,2,3,3,2
91792,2036231729,1970,2,3,1,1,2,4,3,3
91792,2015929245,1988,1,6,4,4,4,3,2,4
91792,1999126981,1974,2,5,2,3,2,4,2,2
91910,2025239475,1957,1,1,1,1,2,5,3,2
91911,2031806891,1992,2,6,1,1,1,5,4,2
91911,2014768507,1962,2,2,2,3,2,2,2,3
91911,2020864287,1985,2,5,4,3,1,4,5,1
91913,2034685325,1965,1,2,7,1,2,4,1,2
91913,2014468185,1968,1,6,1,7,1,5,5,1
91913,2009390869,1990,1,3,5,4,2,3,2,2
91914,2045508667,1958,2,2,1,1,4,5,4,5
91915,2015056089,1968,2,6,1,1,1,4,5,1
91915,2005155391,1976,1,3,3,1,2,3,3,2
91932,2035061491,1990,2,5,1,1,1,5,5,1
91942,2025224577,1978,1,3,8,1,3,NA,2,2
91942,2015400393,1958,1,5,1,1,2,4,4,2
91945,2017304119,1980,2,2,5,1,5,1,1,5
91950,2021328519,1971,2,2,6,4,3,4,3,3
91950,1982093407,1997,2,5,2,3,2,5,4,1
91950,2014489205,1980,2,3,3,3,1,5,1,5
91950,2034445941,1962,1,2,6,3,3,3,3,3
91950,2038801645,1976,1,2,4,2,2,1,1,5
91977,2034500517,1958,2,3,1,2,1,NA,3,2
92008,2015691461,1989,2,3,2,2,2,2,2,2
92008,1996762023,1969,2,4,5,1,5,4,1,4
92009,1998368547,1951,1,5,4,1,2,5,2,4
92011,2013053125,1973,1,5,7,1,5,1,1,4
92020,1995972651,1937,1,6,1,1,5,2,2,3
92020,2043841811,1987,2,3,1,1,2,5,4,1
92020,2036128577,1988,2,3,7,3,1,5,3,2
92020,2020847407,1979,2,1,4,1,3,3,3,3
92020,2034278349,1980,1,2,7,1,3,2,4,2
92020,2016975301,1954,2,6,1,1,1,4,5,1
92021,1981019881,1980,2,5,4,1,4,3,1,4
92021,2012967453,1978,2,3,3,1,2,4,3,2
92021,2011197071,1953,1,2,7,1,3,2,1,5
92021,2013961365,1995,2,6,1,1,2,1,1,5
92025,2012734787,1951,2,2,6,1,3,4,2,4
92025,2015310305,1976,2,2,6,1,4,4,2,3
92026,2037294121,1958,2,3,3,1,2,4,4,2
92026,2010540345,1989,2,5,2,1,1,5,5,2
92026,2039312035,1959,2,3,3,7,2,5,5,1
92027,2029188429,1982,2,2,1,6,2,5,5,5
92027,2003427555,1960,1,6,7,1,4,2,2,4
92028,2038865551,1999,2,3,4,1,3,4,3,2
92028,1992896723,1980,2,5,1,1,1,5,5,1
92028,2017856709,1980,2,5,4,4,1,5,5,2
92028,2039563219,1981,1,3,2,1,1,5,5,1
92028,2034689807,1967,2,6,6,1,3,1,1,5
92040,2019506429,1972,1,2,7,3,5,4,1,5
92040,2018742459,1978,2,2,4,1,3,4,2,4
92040,174457813,1990,2,3,8,3,3,NA,3,3
92054,2016888673,1989,1,6,2,3,1,5,5,1
92054,2038659299,1977,1,2,1,2,1,5,5,1
92054,2014306273,1981,2,2,1,1,3,3,3,3
92054,2028588269,1980,1,2,7,2,3,3,2,2
92054,2037736407,1957,1,3,3,1,3,2,2,4
92057,2034662229,1970,2,2,6,1,3,3,2,3
92057,1996006067,1968,2,3,8,1,3,2,2,3
92057,1995118177,1947,1,6,1,1,1,5,4,1
92058,1994949093,1956,2,5,1,1,2,4,3,2
92064,2017099077,1970,1,6,3,4,1,4,5,2
92064,2023764953,1970,2,2,4,1,3,3,2,2
92067,2038769149,2004,1,3,3,1,4,4,3,2
92069,2031774689,1999,2,5,2,4,1,5,5,1
92069,1999458323,1995,1,5,4,1,1,5,5,1
92069,2043492585,1952,1,3,7,5,5,2,1,5
92069,2015060455,1972,2,5,1,1,1,5,1,4
92071,2038881953,1985,2,2,6,3,3,3,1,2
92071,2040316195,1993,1,2,2,4,2,4,5,2
92071,2012590913,1977,1,5,4,1,3,3,2,2
92071,2009739669,1965,1,4,4,1,5,4,1,5
92075,2032755317,1975,2,5,2,1,3,4,5,5
92078,2011583283,1981,1,3,2,1,2,4,4,2
92078,2038763481,1963,2,6,4,8,5,2,2,5
92101,2011817053,1984,2,5,2,1,1,2,2,2
92101,2012760651,1957,1,1,7,1,5,1,1,5
92101,1993322679,1957,1,6,2,1,1,5,4,2
92101,2012185139,1985,1,6,3,1,2,4,3,2
92101,2029600483,1967,1,4,4,1,2,3,3,3
92101,2014973361,1986,2,5,2,1,1,5,2,2
92101,2012691925,1991,1,5,1,1,2,4,2,2
92101,2036946141,1954,1,3,1,1,1,5,4,1
92101,2034471849,1957,1,3,7,1,5,1,1,5
92102,2003092673,1980,2,5,4,1,1,5,5,1
92103,2038246583,1966,2,5,1,7,1,5,5,1
92103,2039686707,1989,2,5,2,3,1,5,5,1
92103,2030105825,1960,1,6,3,1,4,4,2,3
92103,2022312495,1951,1,3,1,2,1,5,4,2
92103,2038713037,1952,1,6,1,1,2,4,4,2
92103,2038835015,2003,1,3,8,1,2,4,1,3
92103,2040026505,1968,2,2,2,1,1,5,5,1
92104,2015187025,1959,2,6,1,4,1,5,5,1
92104,2030981169,1965,1,4,2,2,1,4,4,1
92104,2034679075,1992,1,2,3,1,2,4,5,1
92104,2014026583,1990,2,5,2,7,1,5,5,1
92104,2017311879,1991,2,6,2,6,2,4,5,1
92104,2011992319,1958,2,5,1,1,1,5,5,2
92105,2039793685,1978,2,3,2,4,3,4,3,3
92105,2032779347,1979,2,3,1,2,1,3,5,1
92105,2001000783,1965,1,6,1,2,1,5,3,2
92105,2028161107,1984,2,3,4,3,2,5,4,2
92108,2042331873,1951,2,6,3,1,1,5,3,2
92108,2045140661,1983,2,6,6,1,2,5,3,1
92109,2041535787,1986,2,6,2,1,1,5,5,1
92111,2010262635,1949,1,3,1,3,1,4,3,1
92111,2028581749,1999,2,3,1,7,1,3,5,1
92111,2000704485,1964,2,2,7,1,5,1,1,5
92113,2036250583,1998,1,3,5,3,3,2,1,3
92113,2018590691,1961,1,2,1,6,2,4,3,2
92115,2036127207,2002,2,3,2,3,1,5,4,1
92115,2039037673,2001,2,3,4,3,2,5,2,1
92115,2011240279,1986,1,3,1,1,1,4,4,2
92117,2041060601,1975,2,2,3,1,2,5,4,1
92117,2014847201,1972,1,5,2,1,2,4,1,5
92117,2038238707,1977,1,3,3,1,1,5,5,1
92117,2013391925,1981,2,3,1,1,2,5,3,3
92117,2040989967,1964,1,4,5,1,3,3,3,2
92119,2009708347,1959,1,3,1,2,2,4,5,2
92123,2026740267,2000,2,3,3,6,4,2,3,3
92123,2011669657,1982,2,5,1,6,2,4,3,2
92123,1997366647,1955,2,3,6,1,2,4,2,2
92124,1999678361,1955,2,4,8,1,5,5,1,3
92124,2037892509,1973,2,4,1,1,1,5,5,1
92126,1999779529,1957,2,5,7,1,4,3,2,4
92126,2014290315,1938,2,2,5,4,2,NA,1,4
92126,2011541063,1958,2,2,7,1,5,3,1,5
92126,2021500901,1981,2,5,2,4,2,5,4,2
92126,2033225767,1992,1,3,1,6,2,3,2,3
92126,2041081877,1982,1,3,1,1,1,4,4,1
92126,2042889881,2003,1,3,3,4,2,4,4,2
92127,2010166119,1978,2,5,4,4,3,3,3,3
92130,2032909667,1992,2,5,1,1,2,5,5,1
92131,2012720573,1989,2,5,4,4,1,5,4,3
92154,1995076329,1990,2,5,6,4,4,3,2,4
92154,2042750443,1963,1,3,5,2,3,4,1,4
92201,2038946915,2001,2,4,8,3,1,4,2,4
92201,2018940481,1990,2,3,1,1,2,5,4,2
92201,2045207417,1965,1,5,3,1,2,5,3,2
92201,2036945615,1949,1,4,6,1,3,3,3,3
92201,1995731673,1944,1,3,1,1,2,5,4,1
92201,2015055921,1949,1,5,1,1,3,4,2,4
92211,2011925047,1960,2,5,7,1,5,1,2,5
92211,2014521775,1949,2,6,3,1,2,4,2,4
92220,2026723457,1978,2,3,2,5,2,5,5,2
92220,2012912577,1975,2,4,4,1,2,3,1,4
92223,2031480079,1987,1,5,4,1,1,2,2,1
92223,2014402219,1953,1,3,4,1,4,4,2,4
92231,2045194695,2000,1,2,5,3,2,5,3,5
92231,2013122151,1958,2,6,1,3,2,5,2,2
92231,2037907719,1990,2,3,2,3,1,5,5,1
92234,2026684009,1954,1,2,1,1,1,5,2,1
92234,2015450239,1960,1,5,1,1,1,5,4,1
92240,2042329397,1949,1,5,4,1,2,4,2,4
92240,2034445069,1984,2,3,5,5,4,1,1,5
92240,2038737323,1989,3,3,4,3,1,5,5,1
92240,2013186657,1948,1,2,1,1,1,5,5,1
92243,2013778453,1969,1,3,5,1,5,3,3,5
92243,2043304805,1978,2,4,4,1,5,3,2,5
92243,2031431403,1997,2,2,1,3,3,4,3,2
92253,2014635123,1948,2,5,1,1,1,4,4,3
92260,2045273317,1960,2,2,1,1,1,5,2,1
92260,2013734395,1947,2,5,1,6,1,5,5,5
92260,1983440381,1996,2,3,3,1,1,5,5,1
92260,2031597571,2000,2,5,4,2,1,5,5,1
92262,2014586923,1961,1,6,1,6,3,4,2,2
92262,1992865677,1959,1,3,1,2,1,5,5,1
92262,2014820083,1965,2,5,5,7,3,3,1,4
92264,2014938227,1961,1,5,1,1,1,5,5,1
92270,2014231419,1947,1,5,1,1,1,5,3,3
92270,2042759971,1948,1,3,4,1,5,1,3,5
92301,2041484787,2004,1,3,3,7,1,5,5,1
92301,1996385913,1996,1,1,8,1,3,2,2,3
92301,2029564357,1965,1,3,7,1,3,1,1,1
92301,2040271187,1983,2,2,2,3,1,4,3,4
92301,2043965417,2001,1,2,1,3,3,2,1,5
92301,2014478831,1994,2,2,6,3,4,3,3,2
92307,2043168959,1964,2,3,1,3,1,5,2,2
92307,2045316609,2003,1,2,6,1,2,2,2,2
92307,2031636577,1996,1,3,1,3,2,1,1,1
92308,2014859937,1987,2,2,1,2,1,5,3,3
92308,2012567175,1955,2,2,1,2,1,5,2,1
92308,2002477551,1954,1,3,6,3,3,3,1,1
92308,2039648875,1995,1,3,7,1,3,2,1,3
92308,2045014513,1964,2,5,2,1,1,4,2,2
92308,2029079697,1975,1,2,7,1,5,2,3,2
92308,2033177895,1960,2,2,7,3,3,4,2,4
92311,2040260705,2001,2,4,1,3,1,5,5,1
92311,2007986385,1974,2,2,4,1,3,3,3,4
92311,2014674851,1966,2,6,5,6,5,2,3,3
92311,2029121989,1955,1,3,2,1,4,5,2,3
92324,2046044983,1995,2,4,5,3,3,3,3,4
92324,2040078387,1998,2,4,3,3,1,4,5,1
92324,2018585765,1987,2,3,1,3,1,5,2,1
92324,2025233883,1976,1,4,1,1,5,4,5,4
92336,2002957399,1976,2,6,1,3,3,5,3,4
92336,1998602559,1982,1,2,8,1,5,5,2,3
92336,2042890015,1967,1,4,6,1,5,2,1,5
92336,2038906611,2004,2,2,1,2,1,5,5,1
92336,2024885541,1958,1,2,4,1,5,2,1,5
92337,2030713667,1979,2,2,2,2,2,5,4,2
92345,2030719739,1967,1,2,7,1,5,2,1,5
92345,2039593957,1997,1,5,3,4,1,5,5,1
92345,2029340931,2003,2,3,2,3,1,5,5,1
92345,2029940891,1998,1,3,2,3,1,5,4,2
92346,2019979699,1962,2,2,6,3,1,2,2,4
92354,2011980383,1992,2,6,1,1,2,4,4,2
92359,1984420105,1972,1,3,5,1,5,1,1,5
92363,2044489033,2004,1,2,4,2,5,5,3,1
92374,2014859327,1988,2,3,4,3,1,4,3,2
92374,2037444849,1973,2,2,2,3,2,4,1,5
92374,2019710867,1962,2,2,5,1,5,3,1,5
92376,2017651007,2001,2,2,3,3,1,5,3,2
92376,2018854743,1966,2,2,4,1,2,4,2,4
92376,2031560513,2002,2,2,2,3,5,5,2,2
92376,2044664035,1957,2,2,6,1,5,4,2,5
92376,2014287757,1985,2,2,1,3,3,5,1,3
92376,2029098345,1973,2,2,1,2,1,1,3,3
92392,2039731329,1983,2,4,1,3,1,5,5,1
92392,1999344449,1982,1,5,5,8,2,1,2,2
92392,2041494877,1996,2,5,2,3,2,4,4,2
92392,2030874609,1950,1,3,5,3,3,1,1,5
92392,2026742211,1950,1,5,1,3,1,5,1,2
92392,2039685883,1999,2,2,2,1,1,5,3,3
92392,2044821015,1995,1,1,4,3,3,4,2,3
92392,2042657205,1999,2,2,2,1,1,3,1,5
92394,2038679017,1981,2,4,5,4,4,2,1,4
92394,2015755899,1992,1,4,7,3,1,1,2,2
92394,1998892741,2002,3,3,1,4,1,5,5,1
92395,2037653699,1966,1,3,5,1,5,2,2,4
92395,1999717977,1992,1,5,1,1,2,2,2,5
92395,2038502419,1966,2,6,7,3,4,2,1,5
92395,2010512009,1973,2,2,1,1,4,4,4,2
92395,2039686121,1976,2,4,7,3,3,4,1,5
92395,2028972931,1981,1,2,2,1,1,5,5,1
92399,2010472241,1963,2,2,7,3,3,3,3,5
92399,2009206779,1979,2,3,3,1,1,5,5,1
92401,2044806707,1998,2,2,8,1,3,4,4,2
92404,2039233161,1970,2,2,2,3,2,4,4,3
92404,2028889039,2002,2,2,2,7,1,2,3,1
92404,2038606889,1995,2,4,4,2,1,5,5,1
92407,2020926685,1999,2,5,1,3,1,5,5,1
92407,2029489147,1958,2,2,4,3,1,5,1,2
92407,2012998883,1957,1,4,4,6,5,2,1,5
92407,2043904113,2001,2,2,4,6,1,4,2,1
92410,2029619367,1988,1,2,7,2,1,1,2,1
92411,2036914053,2001,1,2,2,3,3,1,2,4
92411,1996229111,1960,2,5,2,2,1,5,5,1
92503,2021380479,1943,2,2,7,1,3,4,2,4
92503,2031101579,1962,2,2,4,3,3,3,1,5
92504,2014257747,1944,2,2,4,1,4,5,1,5
92504,2013803837,1955,2,2,7,1,4,2,2,5
92504,2031062985,1990,1,2,3,2,1,3,3,4
92509,2014683261,1959,2,3,3,2,1,5,2,1
92509,2011645061,1961,1,2,1,1,2,NA,2,2
92509,2014494093,1980,2,5,1,3,2,2,3,3
92509,2037244987,1951,1,4,4,1,2,4,2,2
92530,2019705039,1943,1,3,1,2,2,4,2,2
92543,2003925597,1953,2,2,4,3,5,2,3,3
92544,2037306675,1961,1,2,6,1,2,4,1,4
92544,2031471187,1993,1,2,1,6,2,5,2,2
92544,2028888639,1999,2,2,1,1,5,5,3,1
92545,2039699533,1973,1,6,4,1,5,1,1,5
92545,2014744665,1983,2,5,6,3,2,5,3,1
92545,2042929441,1974,2,2,4,3,2,3,3,3
92545,1983454583,1958,1,4,7,1,3,3,1,5
92551,2028996375,2004,2,3,4,3,1,5,2,3
92555,2030010737,1987,2,5,6,6,4,2,1,5
92555,1998778803,2003,2,2,3,1,1,2,4,1
92557,1985063101,1963,1,2,1,7,1,5,3,1
92557,2036915743,1973,2,5,3,2,1,5,5,1
92562,2018871639,1957,1,2,1,1,2,4,3,2
92562,2033079179,1997,2,5,4,1,3,2,2,2
92562,1997231569,1948,1,4,7,6,3,3,1,2
92563,2039562181,1950,1,4,6,1,3,3,3,3
92571,2031641233,1981,2,1,6,3,3,3,3,2
92584,2013084491,1966,2,6,1,3,1,5,5,1
92584,2015993951,1948,1,3,1,3,1,5,3,3
92584,2020744889,1957,2,5,5,1,3,3,2,4
92584,2037095439,1961,1,3,5,1,5,1,1,5
92585,2028973451,1958,1,3,5,1,4,2,2,4
92586,2038246893,1947,1,4,7,1,5,NA,2,2
92586,2018512025,1940,2,2,6,1,3,NA,3,3
92591,2027504457,1969,2,3,2,3,3,2,3,2
92591,2041091135,1996,2,4,4,1,3,4,3,2
92591,2045482987,1982,2,5,5,3,5,2,2,3
92592,2014128399,1980,1,3,2,7,2,4,4,2
92592,2011282885,1955,1,3,2,2,1,5,2,2
92592,2014637973,1974,2,5,3,1,1,5,5,2
92592,2013370747,1967,2,3,6,1,2,5,3,2
92592,2024362367,1969,1,5,1,3,1,5,4,2
92592,2031256605,1959,2,1,6,3,5,1,1,5
92595,2012479735,1974,2,6,3,1,2,4,4,1
92603,2014565187,1984,1,5,3,1,1,5,5,1
92606,2036926273,1951,1,6,1,4,1,5,5,1
92612,2040178471,1995,2,5,2,4,1,5,4,1
92614,2042657059,1945,1,4,3,1,2,4,4,4
92617,2039664563,1992,1,6,4,1,2,4,4,2
92617,2027788123,1980,1,3,5,1,5,1,1,5
92618,2038247063,1951,1,6,3,1,2,2,2,2
92620,2036916547,1976,2,5,1,2,1,5,5,1
92620,2039634263,1996,1,5,2,1,1,5,4,1
92626,2010385441,1999,2,5,1,1,1,5,5,1
92626,2020277991,1999,2,3,2,1,3,3,3,3
92627,2039593797,1993,1,5,8,1,4,2,2,2
92627,2026742843,1984,1,1,4,3,2,4,3,4
92629,2039562299,1985,2,3,1,3,1,5,5,1
92630,2041422313,2004,2,3,5,4,1,1,3,3
92646,2040528859,1944,1,5,7,1,5,5,1,5
92646,2021580851,1928,2,2,5,1,5,2,1,5
92646,2038629801,2000,1,5,6,1,2,1,3,3
92648,2016783753,1970,1,5,4,1,5,1,1,5
92648,2011550673,1973,2,4,2,1,2,5,3,3
92648,2030852311,1996,2,5,7,1,2,5,2,2
92648,2014495723,1972,2,6,4,1,1,5,4,2
92656,2038717431,1970,2,5,1,1,2,4,3,1
92656,2029621885,1992,2,4,2,3,1,5,5,1
92656,2014315475,1996,2,2,1,1,1,5,5,1
92656,2000528453,1970,1,6,2,1,1,4,4,2
92656,2013032379,1989,1,6,6,4,2,3,1,4
92660,2013734841,1951,2,5,4,1,2,4,4,4
92663,2039575601,1999,1,4,1,1,1,4,1,1
92677,2014291085,1988,2,5,1,3,5,1,1,5
92677,2014425957,1990,2,2,6,1,3,3,3,3
92677,2014370109,1965,2,6,1,2,1,3,4,2
92677,2029613311,1990,1,3,6,1,2,2,5,2
92677,2015789891,1990,1,5,3,4,1,5,5,1
92679,2013118719,1970,2,4,2,1,2,5,3,2
92679,2039663763,1995,1,5,1,8,2,4,4,1
92683,2033364327,1993,1,5,1,4,1,5,5,1
92683,1997868073,1984,1,4,8,4,2,4,1,3
92683,2038590121,1986,1,5,6,4,2,2,1,1
92688,2022568409,1988,2,3,1,1,1,5,4,1
92691,1997568223,1964,2,3,1,2,1,5,5,1
92691,2032878547,1967,1,3,7,4,2,2,3,5
92694,2011871403,1963,1,5,4,1,5,1,1,5
92701,2001714355,1993,1,5,3,1,2,5,4,2
92704,2015968577,1953,1,2,6,4,2,3,1,4
92707,2034432831,1965,1,2,4,1,2,4,2,3
92708,2036105131,1961,1,4,4,4,2,5,2,4
92708,2029148065,1990,1,2,1,2,3,3,1,1
92708,2015745701,1966,2,5,1,3,1,5,5,1
92708,2031597401,2003,1,3,5,4,5,2,1,4
92708,2036927089,2004,1,2,3,1,2,3,4,1
92780,2015947297,1992,2,5,2,4,1,4,4,2
92780,1998545615,1955,2,5,5,1,1,4,4,3
92780,2038823103,1993,2,5,1,4,1,5,5,1
92780,2015350981,1992,2,3,7,3,5,1,2,5
92780,1995850791,1948,1,6,2,1,1,5,5,1
92801,2010318125,1994,1,5,6,1,2,2,2,2
92801,2041081497,1984,1,3,4,6,2,5,3,2
92802,2044026683,1958,2,4,7,1,5,2,1,5
92802,2000920861,1997,2,5,1,1,1,5,5,1
92802,2035366417,1984,2,1,8,3,4,3,2,2
92806,2026742641,1982,1,2,1,3,2,4,3,3
92806,2015431121,1983,2,5,5,1,5,2,1,5
92806,2019240917,1975,1,4,1,3,1,4,5,2
92807,2039354649,1979,2,5,5,1,5,5,2,4
92808,2042130485,1994,2,6,2,8,2,1,2,2
92821,1999680225,1970,2,5,1,1,2,4,4,2
92833,2039694749,1973,2,4,4,2,1,2,3,2
92833,2013048873,1989,1,5,1,4,1,5,5,1
92835,2014370311,1970,1,6,7,1,3,3,2,2
92840,2016853909,1980,1,3,7,5,5,2,1,4
92840,2033131831,1979,1,2,4,4,2,2,4,2
92840,2021274119,2002,2,2,1,4,1,1,5,2
92867,2031415823,1984,1,3,6,1,5,4,3,4
92869,2039699555,1962,1,6,1,1,1,5,5,1
92869,2015348107,1983,2,5,6,1,2,4,2,2
92879,2015431041,1964,1,3,2,1,3,3,3,2
92882,2012232549,1991,2,6,1,1,1,5,5,1
92882,1996072547,1981,1,3,5,6,2,4,1,5
92882,1996485843,1963,1,2,4,1,5,3,1,5
92882,2033307833,1987,1,2,3,2,1,5,5,1
92882,2045795729,1983,2,2,5,1,2,4,2,2
92882,2041061387,1962,1,4,4,6,4,4,2,3
92882,2032883075,1965,1,3,1,3,1,4,2,1
93001,1983467535,1964,1,3,5,1,4,3,1,4
93001,2043545435,1993,1,2,4,1,2,2,1,1
93003,2003092223,1980,1,6,1,1,1,5,5,1
93003,2010140627,1988,2,6,3,1,2,4,2,1
93003,2030685613,1951,2,2,6,1,4,4,1,5
93003,2013115845,1963,1,4,4,1,4,2,1,5
93003,2038995645,1983,1,4,2,4,1,5,3,2
93003,2016908569,1987,2,6,3,3,1,5,5,1
93012,1983974577,1955,1,6,4,1,1,5,5,1
93012,1999408811,1992,1,5,1,1,1,5,5,1
93012,2021300507,2001,1,3,3,2,2,4,5,1
93013,2038911849,2000,2,3,8,1,2,4,2,1
93013,2034686849,1988,2,1,4,2,2,3,3,2
93021,1997928113,2000,1,2,4,3,2,3,3,2
93030,2029415453,1954,1,4,4,3,5,2,1,5
93030,2040050851,1959,1,2,7,3,3,2,1,4
93030,2030713649,1979,2,2,4,1,3,1,5,1
93033,2012574105,2003,1,3,2,3,1,5,5,1
93065,2010984133,1995,2,5,1,1,1,5,3,1
93065,1995357567,1997,3,3,4,6,1,5,5,1
93065,2043966333,1941,1,3,5,4,3,2,2,5
93065,2015804243,1999,2,2,6,1,3,2,3,4
93065,2038926061,1997,2,3,4,1,1,5,5,1
93065,2036211769,1971,1,3,6,1,5,3,1,3
93101,2029280707,2003,2,3,1,3,1,5,4,1
93230,2018424451,1961,2,2,7,1,3,2,1,5
93230,2029309333,1989,2,2,4,1,3,3,3,3
93230,2018807389,1969,1,2,6,1,2,4,5,1
93230,2011278043,1989,1,3,4,3,4,2,1,1
93230,1984605599,1980,1,5,4,6,4,2,3,4
93230,2012595773,1951,2,2,5,1,3,4,3,4
93257,1985043673,1979,2,6,6,1,2,4,4,2
93257,2012453243,1979,2,3,5,1,4,5,1,4
93257,1984612815,1959,2,2,2,3,2,5,3,3
93265,2038712429,1970,2,6,2,1,2,3,3,1
93274,2038881973,2001,1,3,5,1,1,1,3,3
93274,1995928531,1992,1,6,2,1,1,4,3,1
93274,2013022145,1965,1,5,4,3,5,1,1,5
93274,2033353677,1967,2,2,2,3,3,3,3,2
93277,2023578469,1988,2,2,2,1,2,4,3,2
93277,2031436817,1982,2,3,1,3,1,5,5,2
93291,2022823151,1956,3,2,1,3,1,5,5,1
93291,2028495025,1946,2,2,1,1,3,4,3,2
93291,2040167011,1979,2,2,7,6,2,5,1,4
93301,2004610339,1962,2,5,1,3,1,3,4,1
93304,2026510791,1996,2,2,5,3,2,2,2,1
93304,2029581847,1982,2,2,6,1,2,2,2,1
93305,2034553105,1975,1,2,2,2,1,5,5,1
93305,2033231369,1982,1,2,1,3,2,3,3,3
93306,2032727741,1987,1,2,7,2,1,2,5,1
93306,2038882039,2000,2,4,1,3,1,5,5,1
93306,2026742397,1983,1,2,7,3,5,5,1,1
93307,2012091519,1987,2,5,3,1,5,5,3,3
93308,2022052485,1954,1,5,3,1,2,4,2,1
93308,2029079901,1982,2,4,7,2,5,4,5,4
93308,1998921027,1999,1,4,6,3,4,1,3,5
93308,1999780433,1948,1,3,7,1,5,3,2,5
93308,2043485789,1989,2,2,7,1,3,3,3,5
93308,2020958529,1957,2,2,7,1,5,2,3,5
93308,2036172607,1988,2,3,8,3,2,4,3,3
93309,2044776495,2001,1,3,1,1,2,5,5,1
93309,2013945203,1990,1,2,1,3,4,2,3,2
93309,2015608619,1964,1,2,7,3,3,2,1,5
93309,2030845689,1990,1,3,1,3,1,4,4,1
93309,1985052883,1965,1,3,1,1,1,5,3,2
93309,2036659285,1996,2,2,2,2,1,5,5,1
93312,2025584133,1963,2,2,6,1,4,3,2,4
93312,2002513499,1981,2,5,7,2,5,1,1,5
93312,2011593483,1976,2,6,2,1,1,4,4,2
93312,2029306063,1957,1,2,7,1,5,1,1,5
93312,2031209651,2002,2,3,2,6,1,4,3,3
93313,2038230455,1964,2,3,7,3,5,5,1,5
93313,2032925045,1982,2,4,6,3,3,5,1,3
93313,1990361763,1940,2,3,7,1,4,3,1,2
93401,1995384661,1957,2,5,1,1,2,4,3,3
93401,2022490539,1989,2,6,2,1,1,5,5,1
93436,2029579805,1982,1,3,1,3,3,1,3,3
93436,2045260221,1961,1,2,4,1,2,4,2,4
93436,2037416447,1953,1,3,8,1,3,3,3,3
93444,2020232483,1982,2,5,2,3,2,4,3,2
93446,2020736839,1986,2,5,3,1,1,5,5,1
93446,2009676063,1972,1,6,4,3,2,4,1,5
93446,2019065071,1995,2,6,1,6,1,5,5,1
93501,2010905975,1969,2,2,8,3,3,3,3,3
93501,1998278777,1998,1,2,3,1,3,4,2,1
93505,2029089941,1993,2,2,6,3,2,4,4,1
93505,2014969087,1952,1,6,1,1,3,5,1,3
93534,2032675399,1960,1,3,7,1,5,5,4,1
93534,2019922517,2002,2,1,3,6,1,5,5,1
93534,2031302051,1966,2,3,1,3,1,4,4,2
93534,2014314921,1951,1,2,1,1,1,5,5,1
93535,2038448735,1974,1,2,4,3,2,5,2,4
93535,2029151577,1974,1,3,2,1,5,5,2,2
93535,2045947159,2000,1,2,4,3,5,2,3,3
93535,2009293169,1955,2,3,1,1,2,4,3,2
93536,2025201599,1981,2,2,6,1,4,2,1,5
93536,2033030279,1993,2,6,1,1,1,5,5,1
93536,1984183999,1952,1,3,1,1,3,4,3,3
93536,1997715269,1963,2,2,2,2,1,5,5,1
93536,2040306327,2002,3,3,2,3,1,5,5,1
93536,2014437083,1957,2,6,1,1,1,5,5,1
93543,2031502353,1989,1,2,6,3,2,3,2,2
93555,2012118083,1990,2,4,3,1,1,5,4,1
93560,2012305041,1964,2,4,1,1,1,5,5,1
93612,2014992583,1949,2,2,8,1,3,3,1,3
93612,2041863321,1955,1,2,3,1,1,5,3,1
93618,2037261111,2000,2,4,4,8,2,4,4,2
93619,2038671487,1989,2,5,2,1,4,2,2,4
93619,2035521737,1982,2,2,1,2,1,NA,1,1
93637,2016975955,1983,2,5,7,1,5,1,1,5
93638,2008130521,1982,1,3,1,3,1,5,5,1
93657,2029062907,1991,2,2,2,3,2,5,2,2
93662,2017433103,1966,2,3,1,3,2,4,3,3
93702,2034678433,1997,1,3,1,3,1,2,1,3
93703,2034524159,1999,2,1,4,3,5,5,1,5
93704,1997963019,2000,1,5,6,2,2,3,1,4
93704,2040051587,1983,1,2,5,3,5,2,1,5
93705,2038882593,1997,2,3,4,4,2,3,2,3
93705,2011938003,1985,2,6,4,1,2,2,2,4
93705,2013724277,1954,2,2,1,4,1,5,4,1
93706,2030527001,1976,1,2,1,2,1,5,5,1
93710,1998012189,1960,1,4,5,1,5,2,2,5
93710,2009146127,1982,1,3,1,6,1,5,4,2
93710,2036379599,1976,2,3,4,3,3,5,5,2
93711,2042216877,1946,1,4,1,1,2,4,3,2
93720,2026690825,1959,1,3,7,1,5,2,1,4
93720,2018257153,1979,2,6,3,3,1,5,5,1
93722,2015109163,1997,2,5,2,4,4,2,2,3
93722,2027172233,1979,2,2,4,3,2,5,2,1
93722,2013986033,1983,2,3,8,5,3,NA,3,5
93722,2034554115,2003,2,2,4,2,1,5,4,1
93722,2033279271,1980,2,2,2,3,2,2,3,3
93722,2029582641,1996,2,4,2,3,1,5,5,1
93726,2015643553,1983,2,1,4,1,2,4,4,2
93726,2031629351,1993,2,3,2,4,1,4,4,2
93727,2026744955,1970,1,2,4,1,3,3,3,3
93727,2038641585,1991,2,5,2,4,2,5,5,1
93727,2036191999,1998,2,5,2,6,1,5,4,1
93728,2011704177,1938,2,2,4,1,2,5,1,5
93905,2024758745,1948,2,2,1,1,2,4,2,2
93923,2015187141,1946,2,4,5,3,2,4,2,2
93924,1999366347,1985,1,1,3,1,1,5,3,3
93933,1996138165,2000,2,5,1,1,3,4,3,3
93940,2033316793,1993,1,5,1,1,3,5,2,1
93955,2027712809,1990,2,6,3,4,2,4,5,2
93960,2038227839,1995,2,2,8,1,3,3,2,3
94002,2043786883,1993,2,1,1,1,2,2,1,2
94002,2015727607,1995,2,6,2,6,1,5,5,1
94015,2013643203,1935,1,6,6,1,2,4,2,2
94015,1992950067,1943,1,5,2,7,1,5,5,1
94015,2040554185,1976,2,5,2,4,2,5,4,2
94043,2040142723,1959,1,3,4,1,2,1,1,5
94061,2038905063,1988,2,5,4,4,1,5,2,2
94061,1998545691,1955,2,5,1,1,3,4,4,2
94086,2014890657,1996,2,5,2,1,1,5,5,1
94086,2014836021,1946,2,2,7,1,4,3,2,3
94086,2012174591,1956,1,3,1,2,1,5,5,1
94086,2016959259,1982,1,5,2,3,1,4,4,1
94102,2043494477,1994,1,5,1,4,1,5,5,1
94102,2012487191,1987,1,5,1,1,1,2,2,3
94102,2012943335,1995,1,5,3,1,2,5,5,1
94102,2032129421,1990,1,5,1,1,2,2,1,2
94102,2040105217,1986,1,5,1,1,2,1,1,2
94102,2025551627,1950,1,2,2,1,3,4,3,3
94102,2045260397,1987,2,6,1,1,2,1,2,3
94103,2037383379,1975,2,2,4,1,5,4,5,5
94103,2013523051,1965,1,4,1,1,2,5,4,2
94103,2017892213,1987,1,4,3,1,1,5,5,1
94103,2014529119,1988,1,5,4,1,4,2,1,4
94103,2000631091,1950,2,3,1,1,2,5,5,1
94103,2016112253,1990,1,5,1,1,1,5,5,1
94103,2033600859,1989,1,5,1,1,1,4,2,3
94103,2030998061,1985,1,5,1,1,5,5,2,3
94109,1983445353,1989,1,3,1,1,1,5,4,1
94109,2008675363,1990,1,3,2,1,2,4,2,2
94109,2019985509,1981,1,2,1,1,1,1,1,1
94112,2040051933,1971,3,2,2,3,2,4,2,4
94112,2031917871,1968,1,5,4,1,2,5,5,2
94114,1998981835,1961,1,3,5,2,5,1,1,5
94114,2041090115,1997,1,5,3,1,1,5,4,1
94117,1984396027,1965,1,5,4,1,1,5,5,1
94117,2014164231,1971,2,6,2,6,NA,5,4,1
94117,2039700221,1964,2,5,2,1,1,5,3,1
94121,2031732687,1990,1,5,7,1,2,2,1,2
94121,2016878493,1983,2,5,1,1,1,2,3,1
94121,2031732331,1990,1,5,1,1,2,2,1,2
94121,2037350097,1990,1,5,1,1,2,1,1,2
94122,2020069689,1991,2,5,1,4,1,5,4,1
94131,2011677663,1963,1,3,1,1,2,4,4,1
94131,2037864745,1961,1,3,1,7,2,4,4,3
94131,1995165605,1994,1,5,1,6,2,4,4,2
94132,2043961017,1964,1,4,4,4,3,4,1,5
94132,2039469723,1970,2,4,1,4,2,4,1,4
94132,2017457369,1979,2,5,1,1,2,4,4,2
94132,2015788945,1985,2,6,3,1,1,5,5,1
94133,2015095723,1969,1,3,1,1,1,5,5,1
94133,2038705089,1999,2,3,3,1,1,5,5,1
94133,2000145165,1960,1,6,3,1,1,5,5,1
94306,2027231547,1995,1,4,1,6,1,5,5,1
94403,2020030163,1947,2,2,2,1,1,5,4,2
94501,2008431813,1939,2,5,1,1,2,4,4,2
94501,2030097841,1996,1,5,4,1,3,4,4,3
94501,2034418505,1971,2,2,4,1,1,NA,3,3
94501,2035655085,1979,1,3,2,2,3,3,3,1
94510,2016027011,1991,2,3,4,1,2,4,3,1
94513,2032648567,1982,1,2,7,1,3,5,1,1
94513,2032834123,1992,1,3,1,4,3,3,3,3
94518,1998405861,1964,2,6,3,1,1,5,4,2
94519,2018530265,1940,1,2,6,7,4,2,1,2
94519,2036975735,1948,1,3,2,1,1,5,4,2
94530,1998655893,1967,2,3,2,2,1,5,2,2
94533,2014556375,1999,1,3,1,2,1,5,5,1
94533,2011807909,1964,2,3,2,1,2,4,2,3
94533,2013624439,1982,2,5,4,2,5,1,1,5
94533,2025276023,1946,1,2,1,1,NA,4,2,2
94533,2038211485,1965,1,3,1,1,1,5,5,1
94536,2036079745,1996,1,5,2,4,4,4,3,2
94541,2018537393,1957,1,3,1,2,1,5,3,3
94544,2040892731,1974,2,4,3,4,2,5,4,2
94544,2037482481,1962,1,3,2,3,2,3,3,4
94544,2038430867,1986,2,5,1,1,1,5,5,1
94544,2043749911,1993,2,2,4,3,3,3,3,3
94546,2030939599,1978,2,3,4,6,1,5,5,1
94546,2026965865,1987,2,5,1,6,1,5,5,1
94547,2031636611,1978,1,3,6,1,2,4,2,5
94551,2034882343,1973,1,5,1,1,1,5,5,1
94559,2011926169,1968,2,5,1,1,1,5,4,2
94560,2036407285,1998,1,4,1,1,2,2,2,2
94561,2018522513,1950,2,2,6,1,5,1,1,5
94561,1999988327,1991,2,5,1,1,1,5,5,1
94565,2040050649,1957,2,3,1,3,1,5,5,1
94565,2011699249,1987,2,2,3,1,4,4,1,5
94565,2032667369,1988,2,3,1,2,1,NA,5,1
94566,1984437485,1998,1,2,5,1,4,3,1,4
94568,2009229947,1964,1,4,1,1,1,5,2,1
94578,2014744837,1961,2,4,2,2,2,5,3,3
94578,2039413375,1960,1,6,7,4,3,3,2,4
94580,2039393127,1963,2,3,1,3,1,5,5,1
94582,2012257265,1962,2,4,1,2,1,5,5,1
94582,2020264421,1976,1,2,3,3,3,4,4,2
94583,2032876707,2002,2,5,3,4,1,5,4,1
94583,1996073409,1959,1,5,3,4,1,5,1,5
94585,2024661703,1958,1,5,4,3,5,2,1,5
94587,2011490779,1982,1,5,1,1,1,5,5,1
94587,2036913839,1998,1,5,7,4,4,1,1,5
94591,2031423773,1983,2,4,1,1,5,5,1,4
94591,2031456399,1998,2,5,1,1,1,5,5,1
94591,2032832623,1988,1,3,3,2,2,3,2,2
94591,2014888425,1954,2,5,1,2,1,5,5,5
94595,1998800875,1946,2,6,1,7,1,5,4,1
94595,2029255419,1941,1,6,4,1,1,5,2,1
94596,2029207251,1961,1,5,2,5,3,4,2,4
94598,2034536457,2004,3,3,3,1,2,5,5,1
94598,2026743711,1961,2,5,4,2,1,5,5,1
94603,2037127883,1963,1,3,1,2,1,5,5,1
94603,2012145967,1976,1,6,1,1,1,5,5,1
94603,2010218945,1978,1,4,2,3,2,4,3,4
94605,2029033407,1983,1,4,2,1,2,4,4,1
94605,2029084153,1979,2,3,7,2,1,5,5,1
94607,2036916343,1967,2,5,3,2,1,5,5,1
94607,2015034359,1964,1,5,1,1,1,5,5,1
94607,2031026347,1991,2,6,4,7,1,5,5,1
94607,2043980189,1978,2,3,1,4,1,5,5,1
94607,2015153525,1990,2,6,1,1,1,4,5,1
94608,2034499027,1969,2,3,3,1,1,5,5,1
94611,1999810441,1959,1,6,1,1,1,5,5,1
94611,1984248441,1993,1,2,2,2,2,5,3,2
94611,2011442089,1982,1,5,1,4,NA,5,4,2
94612,2045583169,1967,1,2,1,2,2,4,2,4
94612,1993386603,1960,1,6,2,7,3,4,2,3
94704,2040040635,2002,2,3,2,1,1,5,4,1
94704,2039493437,1993,2,4,1,1,1,3,1,2
94704,2010296821,1961,1,5,1,2,1,5,5,1
94706,2039699635,1963,2,5,4,1,1,5,4,1
94901,2045088859,1988,1,5,4,1,2,4,4,2
94901,2040125525,1961,2,5,3,6,2,5,5,1
94928,2034741719,1989,1,4,4,6,2,4,3,4
94928,2032974823,1996,2,3,3,1,1,5,5,1
94928,2038947393,2002,2,3,1,4,1,5,4,1
94941,2015355773,1987,2,5,2,2,3,2,2,3
94947,2041446219,1982,1,6,2,4,1,5,5,1
94947,2039693883,1987,2,6,2,2,1,5,5,1
94949,2014437533,1959,1,6,4,1,3,3,2,2
94952,2027962493,1977,1,5,1,1,1,4,5,1
94952,2038717423,1967,2,5,1,1,2,4,4,2
95008,2033364119,1963,1,3,6,4,2,4,3,2
95014,1992864421,1947,2,5,1,1,1,5,5,1
95020,2038574677,1985,1,5,1,1,2,4,2,4
95023,2010460457,1967,2,5,1,1,2,4,4,2
95033,2039696201,1975,2,1,1,1,5,3,2,2
95033,1999826329,1965,1,6,5,1,5,1,1,4
95054,2008397567,1997,1,2,2,5,2,3,2,3
95054,2041284547,1955,2,5,5,4,3,2,1,5
95060,2039700211,1966,1,6,3,1,2,4,4,2
95060,2013737929,1979,1,5,1,1,1,3,4,2
95060,2018704733,1945,1,2,1,1,2,4,2,1
95062,1998705753,1982,1,4,2,1,4,4,2,1
95112,2012879241,1991,2,4,3,3,2,5,4,2
95112,1997445351,1957,1,5,3,1,1,5,5,1
95112,2039700285,1977,1,6,1,1,1,5,5,1
95112,2012792129,1974,2,5,3,2,1,5,5,1
95121,2040041407,1978,2,1,2,3,1,5,1,4
95122,2034525991,1985,2,4,8,3,1,3,2,1
95123,2018972797,1972,1,4,5,3,3,2,1,3
95123,2040186807,2001,2,3,2,4,2,5,2,3
95123,2036151525,1965,1,3,1,2,1,5,3,1
95126,2015332885,1952,2,2,1,1,3,5,3,2
95126,2019170305,1998,2,4,1,1,1,3,3,3
95126,2029579331,1993,1,4,4,2,2,4,4,2
95127,2025202057,1997,2,3,2,1,1,5,3,2
95128,2025658769,1986,2,5,1,7,1,5,5,1
95131,2014744625,1986,2,6,4,4,2,4,2,3
95131,2039618175,1954,2,4,1,1,3,5,3,5
95148,2000038115,1995,2,5,1,4,2,4,4,2
95148,2016924913,1939,2,4,1,3,2,5,3,2
95204,2038800793,2004,2,3,8,1,2,5,5,1
95204,2012481311,1960,2,2,1,1,2,5,3,3
95206,2034632503,2002,1,3,7,2,2,4,4,2
95206,2043614965,1959,1,4,5,1,2,3,2,3
95209,2021959173,1948,1,6,1,1,2,3,4,2
95212,2038640969,1995,2,2,7,3,5,3,1,5
95212,1998801039,1962,1,1,4,1,5,5,5,5
95212,2030999521,1996,1,5,1,1,5,2,1,2
95240,2010335337,1968,2,5,4,1,2,4,1,2
95304,2018888041,1995,2,6,1,1,2,4,2,2
95307,2020527659,1956,2,1,4,2,1,NA,5,1
95307,2024198591,1987,1,4,3,1,2,1,1,1
95320,2032883541,2002,2,3,1,3,1,5,5,1
95320,2013570919,1950,2,2,1,1,4,4,2,4
95336,1998837929,1980,1,2,6,1,5,4,1,5
95336,2041372435,1965,1,3,2,3,3,2,2,3
95336,2023823811,1984,2,2,7,3,2,2,3,2
95340,2037424841,1991,3,3,2,3,1,5,5,1
95341,1998772939,1993,1,3,3,3,1,5,4,1
95350,2019461687,1959,2,2,1,3,1,5,3,1
95355,2035081703,1991,2,6,2,1,2,2,2,1
95355,2031474383,1992,1,4,2,4,1,5,5,1
95356,2034195251,1967,2,5,7,1,3,4,2,4
95357,2036801535,1999,2,2,4,2,3,2,4,3
95367,1999347801,1970,1,2,7,1,2,4,2,2
95380,2011514921,1998,2,3,4,1,2,3,2,2
95380,2013228973,1987,1,6,6,6,4,2,3,2
95380,2039505739,1969,1,3,7,3,3,3,3,3
95401,2012918029,1977,2,4,1,1,2,5,3,2
95401,2034445995,1961,1,3,2,1,2,5,4,2
95404,2034581101,2003,2,2,1,1,1,4,5,1
95405,2031008783,2000,1,3,2,1,2,5,3,2
95407,2044679809,1993,2,3,7,3,5,3,3,5
95407,2043742821,1990,2,3,6,1,4,3,2,3
95409,2012543015,1964,2,6,1,1,1,5,5,2
95422,2039139571,1982,1,5,4,1,1,5,4,1
95422,2033269213,1984,2,2,5,1,5,2,1,5
95457,2014986111,1950,2,2,7,1,5,2,1,5
95501,2011445543,1984,1,5,1,6,3,4,4,1
95501,2031067923,1999,2,4,5,1,3,4,3,4
95503,2037883571,1971,2,5,2,1,2,5,3,4
95540,2011699001,1960,1,6,1,1,1,5,4,1
95540,2038629119,1961,2,3,5,1,4,4,2,3
95603,2036127973,1992,1,3,1,3,1,5,5,2
95608,2034501127,1992,1,3,5,1,3,4,5,2
95608,2027410665,1997,3,1,8,1,1,5,5,1
95608,2030829775,1994,1,5,1,6,1,5,3,1
95608,2012453923,1974,2,2,4,6,NA,5,1,5
95610,2036251291,1996,1,2,5,1,3,3,3,5
95610,2020065783,1974,2,2,4,1,4,4,1,4
95610,2034685993,1983,2,3,1,1,1,5,5,1
95616,2007978893,1951,2,6,1,1,1,5,5,1
95616,2025023143,2002,2,2,3,4,1,1,4,1
95616,2033317549,1994,2,6,3,8,2,4,4,1
95616,2039697259,2002,1,3,3,1,5,1,2,5
95616,2000598433,1994,1,5,4,2,1,5,5,1
95620,2037906213,1941,1,3,5,1,2,5,2,1
95628,2012217931,1962,2,6,1,1,1,5,5,2
95628,2034471955,1961,1,4,2,1,2,4,2,3
95628,2015246463,1990,2,6,1,1,1,5,5,1
95630,1999002883,1998,1,3,7,7,4,1,2,4
95630,2000737787,1997,1,5,2,1,2,5,5,1
95648,2000035735,1958,1,5,3,1,1,5,3,5
95648,2032762187,1982,2,4,4,1,5,5,1,5
95648,2022992795,1952,2,2,1,3,2,5,3,2
95667,2037005037,1961,1,3,1,1,1,5,5,1
95670,2042356557,1962,2,1,4,1,1,5,5,2
95670,2015675049,1988,2,4,4,6,4,4,3,3
95670,2039398351,1992,2,2,2,3,2,3,2,4
95670,2018075033,1963,1,5,1,2,3,5,3,2
95678,2032679497,1997,2,6,6,1,4,3,2,5
95682,2043888659,1971,1,3,6,1,5,1,3,5
95682,2012091371,1976,2,6,4,7,1,5,5,1
95682,2022913755,1947,2,2,1,1,2,4,3,3
95682,2044678393,1997,2,2,4,1,5,5,4,1
95692,2015156369,1957,2,3,4,1,3,3,3,3
95695,2031343559,1965,2,4,4,1,3,4,3,3
95742,2024401283,1977,1,5,8,4,2,3,2,4
95742,2020318789,2000,2,3,2,4,2,5,3,2
95742,2042329161,1954,1,6,1,1,1,5,4,1
95742,2038637267,1993,1,2,1,1,1,5,1,1
95747,2015072237,1968,1,5,3,1,2,4,3,3
95747,2042353981,1988,2,3,3,2,1,5,3,3
95747,2010838287,1960,2,5,1,1,1,5,5,1
95758,2038845301,1982,2,2,1,2,1,1,1,2
95758,2009163911,1961,1,3,7,1,5,3,2,3
95758,2004561415,1981,2,3,1,2,3,3,3,3
95762,2027099493,1961,1,3,6,1,3,4,3,4
95814,2010231483,1956,2,3,7,1,5,1,1,5
95814,2034490711,1982,2,4,8,1,3,3,3,3
95814,2017480967,1999,1,5,3,1,1,4,5,1
95814,2012764271,1994,2,3,3,1,1,4,5,1
95814,2021702297,1991,2,5,1,4,1,5,5,1
95816,1999736063,1974,2,6,1,1,1,5,5,1
95820,2012265405,1962,2,3,8,1,2,4,3,2
95820,1993058021,1966,1,3,1,2,1,4,5,1
95820,2031387143,2002,2,3,7,1,5,3,1,5
95821,2013615975,1990,2,6,3,1,2,5,5,1
95821,2020151299,1993,2,5,3,1,1,5,4,2
95821,2022170423,1980,1,6,2,1,1,4,5,1
95823,2014836427,1998,2,5,4,6,1,5,5,1
95823,2009677127,1983,1,3,2,4,3,5,3,3
95823,2036318647,1990,2,2,8,2,3,3,2,2
95823,2037600035,1999,2,2,8,3,3,3,3,3
95823,2042656861,1996,2,5,2,4,1,5,4,2
95824,2024886483,1964,1,3,1,2,1,4,4,2
95825,2029142075,1949,2,2,6,1,3,3,2,3
95825,2016958875,1994,2,3,2,2,1,5,5,1
95825,2017283665,1990,1,6,1,2,1,4,5,2
95825,2045173099,1988,1,5,2,1,1,4,4,1
95826,2038387239,1981,1,2,1,1,2,4,4,2
95828,1998085011,1974,1,3,4,3,2,4,3,4
95828,2003124383,1960,1,5,1,1,2,4,4,1
95828,2039634113,1981,1,2,4,2,1,5,3,3
95829,2011992563,1939,2,3,1,2,1,5,5,1
95831,2035461997,1993,1,3,2,2,3,3,3,3
95831,2041256767,1951,1,5,1,4,2,4,4,2
95831,2041619837,1943,1,3,7,4,3,2,2,3
95831,2045704119,1994,3,4,4,1,1,5,5,1
95833,2010336017,1991,2,5,1,4,1,5,5,1
95834,2024891067,1955,1,3,2,1,2,4,2,2
95835,2039369275,1957,2,3,1,1,1,5,3,4
95835,2011524873,1970,1,5,7,1,4,3,2,5
95835,2033084385,1978,1,4,3,1,1,4,1,5
95838,2013146969,1982,2,3,3,1,2,5,4,2
95841,2039693977,1974,2,4,1,2,1,5,4,2
95841,2028995071,1950,1,2,1,1,NA,NA,2,4
95843,2004158457,1961,1,6,3,3,1,5,5,1
95843,2033046673,1983,1,3,4,1,4,3,2,4
95864,2031666279,1978,1,2,8,1,3,5,3,4
95901,2015533309,1980,2,2,4,1,4,4,1,4
95926,2038666667,2002,2,3,1,1,1,4,5,1
95926,1999646579,1981,2,5,1,1,2,4,4,2
95926,1998187129,1980,1,4,2,1,1,5,5,1
95926,2022078739,1943,1,3,2,1,2,4,2,4
95928,2040470043,1996,1,5,5,2,2,2,5,1
95928,2022357227,1957,1,2,7,3,5,3,1,5
95928,2014969377,1958,2,3,6,1,5,3,3,3
95928,2033037797,1995,2,5,4,1,1,4,5,1
95928,2040369567,1997,2,5,7,1,2,1,2,2
95949,2011787897,1976,1,3,5,5,5,5,1,5
95961,1998259549,1979,2,3,4,4,3,3,3,3
95961,2039477587,1991,1,4,4,1,5,2,2,4
95965,2011038679,1964,1,6,6,1,4,2,1,4
95966,2023938231,1986,1,2,7,1,5,3,1,NA
95966,2012015161,1990,2,6,2,5,1,2,2,3
95991,2020928265,1969,2,2,6,1,5,2,1,5
95991,2030025255,2002,1,3,2,3,3,4,3,3
95991,1984491689,1983,2,5,2,3,4,4,1,4
95991,2013559039,1987,2,2,4,1,4,3,2,5
95991,1997064145,1943,1,4,3,1,2,4,3,2
96001,1999238917,1977,1,6,1,1,1,5,5,1
96001,2034443847,1967,1,3,6,3,2,4,2,2
96003,1995905623,1979,1,5,5,1,3,2,1,5
96003,2011925647,1962,2,4,1,1,1,5,1,5
96003,2016016165,1950,2,3,1,1,3,4,3,4
96130,2034251239,1950,2,3,6,1,2,4,2,4
